Country,Year,GDP Total
Afghanistan,2021,26586232847.96875
Afghanistan,2022,28188274009.28125
Afghanistan,2023,29865224243.28125
Afghanistan,2024,31618947531.8125
Afghanistan,2025,33451313060.0
Afghanistan,2026,35364195222.09375
Afghanistan,2027,37359473625.90625
Afghanistan,2028,39439033096.0
Afghanistan,2029,41604763681.875
Afghanistan,2030,43858560661.8125
Albania,2021,17903560982.12793
Albania,2022,18715375338.36621
Albania,2023,19546945521.62793
Albania,2024,20398404606.155273
Albania,2025,21269885976.45996
Albania,2026,22161523327.27539
Albania,2027,23073450664.092773
Albania,2028,24005802303.311523
Albania,2029,24958712872.55371
Albania,2030,25932317310.970703
Algeria,2021,248054667571.75
Algeria,2022,260226908663.75
Algeria,2023,272865780285.25
Algeria,2024,285981601243.25
Algeria,2025,299584718901.0
Algeria,2026,313685509249.25
Algeria,2027,328294376918.25
Algeria,2028,343421755216.75
Algeria,2029,359078106138.5
Algeria,2030,375273920400.75
Angola,2021,178965274202.5
Angola,2022,191113597949.0
Angola,2023,203799129883.5
Angola,2024,217033848026.25
Angola,2025,230829763593.75
Angola,2026,245198921027.25
Angola,2027,260153398034.25
Angola,2028,275705305609.0
Angola,2029,291866788077.75
Angola,2030,308650023120.0
Argentina,2021,738034832164.0
Argentina,2022,777164147692.5
Argentina,2023,817934209834.5
Argentina,2024,860383711962.0
Argentina,2025,904551455113.0
Argentina,2026,950476348104.0
Argentina,2027,998197407553.5
Argentina,2028,1047753758123.0
Argentina,2029,1099184632444.0
Argentina,2030,1152529371421.5
Armenia,2021,16443042836.75
Armenia,2022,17380208142.0
Armenia,2023,18350520678.070312
Armenia,2024,19354547252.273438
Armenia,2025,20392856210.242188
Armenia,2026,21466017437.351562
Armenia,2027,22574602359.046875
Armenia,2028,23719183943.820312
Armenia,2029,24900336703.773438
Armenia,2030,26118636696.53125
Australia,2021,1913567562008.0
Australia,2022,2014608380098.0
Australia,2023,2119438673103.0
Australia,2024,2228134911895.0
Australia,2025,2340773777825.0
Australia,2026,2457432162828.0
Australia,2027,2578187169680.0
Australia,2028,2703116112158.0
Australia,2029,2832296515330.0
Australia,2030,2965806115626.0
Austria,2021,487912690722.25
Austria,2022,496922942166.5
Austria,2023,505629948413.0
Austria,2024,514016478693.25
Austria,2025,522065252498.0
Austria,2026,529758939525.0
Austria,2027,537080159617.25
Austria,2028,544011482747.75
Austria,2029,550535428934.0
Austria,2030,556634468225.5
Azerbaijan,2021,82897286467.375
Azerbaijan,2022,88039321924.25
Azerbaijan,2023,93376489196.0
Azerbaijan,2024,98912349980.6875
Azerbaijan,2025,104650475703.125
Azerbaijan,2026,110594447509.8125
Azerbaijan,2027,116747856290.5
Azerbaijan,2028,123114302678.9375
Azerbaijan,2029,129697397068.875
Azerbaijan,2030,136500759622.5
Bahrain,2021,47776214972.3125
Bahrain,2022,50554514665.15625
Bahrain,2023,53441735076.625
Bahrain,2024,56440101359.4375
Bahrain,2025,59551844793.375
Bahrain,2026,62779202792.8125
Bahrain,2027,66124418914.0625
Bahrain,2028,69589742856.40625
Bahrain,2029,73177430472.71875
Bahrain,2030,76889743774.71875
Bangladesh,2021,309105643483.5
Bangladesh,2022,331949566948.0
Bangladesh,2023,355951879435.5
Bangladesh,2024,381142004403.5
Bangladesh,2025,407549447539.5
Bangladesh,2026,435203796887.0
Bangladesh,2027,464134722801.5
Bangladesh,2028,494371978202.0
Bangladesh,2029,525945398490.5
Bangladesh,2030,558884901753.5
Barbados,2021,5359303781.675781
Barbados,2022,5417883107.417969
Barbados,2023,5470376268.2109375
Barbados,2024,5516526282.265625
Barbados,2025,5556075432.484375
Barbados,2026,5588765266.089844
Barbados,2027,5614336593.4296875
Barbados,2028,5632529487.3046875
Barbados,2029,5643083282.828125
Barbados,2030,5645736576.015625
Belarus,2021,86156816594.53125
Belarus,2022,90386101803.28125
Belarus,2023,94727369360.09375
Belarus,2024,99181550256.96875
Belarus,2025,103749577764.98438
Belarus,2026,108432387439.03125
Belarus,2027,113230917118.64062
Belarus,2028,118146106930.75781
Belarus,2029,123178899290.89062
Belarus,2030,128330238906.28906
Belgium,2021,598447600092.5
Belgium,2022,611337992289.25
Belgium,2023,624048023859.25
Belgium,2024,636563142096.5
Belgium,2025,648868751940.25
Belgium,2026,660950215963.0
Belgium,2027,672792854333.75
Belgium,2028,684381944756.0
Belgium,2029,695702722440.25
Belgium,2030,706740380047.75
Belize,2021,2188627171.019394
Belize,2022,2270922474.2692413
Belize,2023,2354860925.7099
Belize,2024,2440448115.4755554
Belize,2025,2527689643.291046
Belize,2026,2616591118.47493
Belize,2027,2707158159.9477234
Belize,2028,2799396396.2417603
Belize,2029,2893311465.503769
Belize,2030,2988909015.5074463
Benin,2021,17641101701.71875
Benin,2022,18618397371.0625
Benin,2023,19632728698.546875
Benin,2024,20684826012.984375
Benin,2025,21775421647.9375
Benin,2026,22905249945.59375
Benin,2027,24075047258.03125
Benin,2028,25285551948.53125
Benin,2029,26537504394.90625
Benin,2030,27831646988.984375
Bhutan,2021,3134896421.46875
Bhutan,2022,3344628108.5820312
Bhutan,2023,3563783027.5195312
Bhutan,2024,3792577947.546875
Bhutan,2025,4031230239.8007812
Bhutan,2026,4279957878.4140625
Bhutan,2027,4538979440.3046875
Bhutan,2028,4808514106.464844
Bhutan,2029,5088781662.2578125
Bhutan,2030,5380002497.9921875
Bolivia,2021,50832525148.375
Bolivia,2022,54592596255.375
Bolivia,2023,58547559077.125
Bolivia,2024,62702487951.0
Bolivia,2025,67062471424.875
Bolivia,2026,71632612256.125
Bolivia,2027,76418027446.5
Bolivia,2028,81423848226.5
Bolivia,2029,86655220093.375
Bolivia,2030,92117302815.0
Bosnia and Herzegovina,2021,25170442153.1875
Bosnia and Herzegovina,2022,26257083067.8125
Bosnia and Herzegovina,2023,27363323488.371094
Bosnia and Herzegovina,2024,28489010919.48828
Bosnia and Herzegovina,2025,29633992330.234375
Bosnia and Herzegovina,2026,30798114154.007812
Bosnia and Herzegovina,2027,31981222287.464844
Bosnia and Herzegovina,2028,33183162090.414062
Bosnia and Herzegovina,2029,34403778384.890625
Bosnia and Herzegovina,2030,35642915454.92578
Botswana,2021,21485763792.171875
Botswana,2022,22502362144.210938
Botswana,2023,23549988979.710938
Botswana,2024,24629118252.632812
Botswana,2025,25740225189.023438
Botswana,2026,26883786288.46875
Botswana,2027,28060279324.960938
Botswana,2028,29270183347.976562
Botswana,2029,30513978684.59375
Botswana,2030,31792146939.476562
Brazil,2021,2860919045523.0
Brazil,2022,2997168047046.0
Brazil,2023,3137765751704.0
Brazil,2024,3282784005127.0
Brazil,2025,3432294847290.0
Brazil,2026,3586370512736.0
Brazil,2027,3745083430646.0
Brazil,2028,3908506225220.0
Brazil,2029,4076711715636.0
Brazil,2030,4249772916445.0
Bulgaria,2021,79870056483.75
Bulgaria,2022,84098307162.0625
Bulgaria,2023,88499063548.9375
Bulgaria,2024,93076318095.0
Bulgaria,2025,97834074348.3125
Bulgaria,2026,102776346960.9375
Bulgaria,2027,107907161700.3125
Bulgaria,2028,113230555458.0625
Bulgaria,2029,118750576267.3125
Bulgaria,2030,124471283307.0625
Burkina Faso,2021,19624225433.75
Burkina Faso,2022,20838168777.625
Burkina Faso,2023,22106085855.4375
Burkina Faso,2024,23429234321.59375
Burkina Faso,2025,24808875327.5
Burkina Faso,2026,26246273524.5625
Burkina Faso,2027,27742697065.9375
Burkina Faso,2028,29299417612.71875
Burkina Faso,2029,30917710333.34375
Burkina Faso,2030,32598853911.34375
Burundi,2021,4033402042.9296875
Burundi,2022,4303300185.9921875
Burundi,2023,4587903276.5
Burundi,2024,4887621915.71875
Burundi,2025,5202867858.5625
Burundi,2026,5534054015.0703125
Burundi,2027,5881594451.453125
Burundi,2028,6245904390.9921875
Burundi,2029,6627400215.3125
Burundi,2030,7026499466.0390625
Cabo Verde,2021,2376869660.947998
Cabo Verde,2022,2472425843.5307617
Cabo Verde,2023,2569745416.4902344
Cabo Verde,2024,2668823027.3269043
Cabo Verde,2025,2769653300.1835938
Cabo Verde,2026,2872230835.831543
Cabo Verde,2027,2976550211.614502
Cabo Verde,2028,3082605981.4648438
Cabo Verde,2029,3190392675.834717
Cabo Verde,2030,3299904801.70459
Cambodia,2021,28485190063.0625
Cambodia,2022,30548187873.375
Cambodia,2023,32715197659.25
Cambodia,2024,34988859042.75
Cambodia,2025,37371819025.125
Cambodia,2026,39866731988.875
Cambodia,2027,42476259708.9375
Cambodia,2028,45203071360.5625
Cambodia,2029,48049843521.375
Cambodia,2030,51019260183.5625
Cameroon,2021,44975862193.1875
Cameroon,2022,47265029408.46875
Cameroon,2023,49647969737.53125
Cameroon,2024,52126893988.53125
Cameroon,2025,54704019122.5625
Cameroon,2026,57381568255.75
Cameroon,2027,60161770669.65625
Cameroon,2028,63046861812.21875
Cameroon,2029,66039083306.59375
Cameroon,2030,69140682958.28125
Canada,2021,2116516212341.5
Canada,2022,2185889745259.0
Canada,2023,2256311280368.5
Canada,2024,2327775363815.25
Canada,2025,2400276521163.25
Canada,2026,2473809257365.25
Canada,2027,2548368056744.75
Canada,2028,2623947382979.0
Canada,2029,2700541679064.75
Canada,2030,2778145367313.0
Central African Republic,2021,2381451146.236328
Central African Republic,2022,2444456592.899414
Central African Republic,2023,2508848999.044922
Central African Republic,2024,2574659044.054199
Central African Republic,2025,2641917492.3618164
Central African Republic,2026,2710655193.5561523
Central African Republic,2027,2780903082.4780273
Central African Republic,2028,2852692179.2387695
Central African Republic,2029,2926053589.4101562
Central African Republic,2030,3001018504.008789
Chad,2021,16752637567.140625
Chad,2022,17695772541.171875
Chad,2023,18674181253.0625
Chad,2024,19688527379.515625
Chad,2025,20739476412.390625
Chad,2026,21827695661.703125
Chad,2027,22953854256.53125
Chad,2028,24118623147.390625
Chad,2029,25322675107.109375
Chad,2030,26566684733.78125
Chile,2021,377839663239.5
Chile,2022,399336600783.0
Chile,2023,421677761091.75
Chile,2024,444880469963.0
Chile,2025,468962100942.75
Chile,2026,493940075339.0
Chile,2027,519831862301.0
Chile,2028,546654978837.0
Chile,2029,574426989886.5
Chile,2030,603165508352.25
China,2021,17838122317664.0
China,2022,19293212288448.0
China,2023,20823051850752.0
China,2024,22429513704160.0
China,2025,24114475775456.0
China,2026,25879821230592.0
China,2027,27727438470848.0
China,2028,29659221144704.0
China,2029,31677068148640.0
China,2030,33782883635552.0
Colombia,2021,457520206477.75
Colombia,2022,481938444285.5
Colombia,2023,507246902589.5
Colombia,2024,533462565093.75
Colombia,2025,560602462037.25
Colombia,2026,588683670228.75
Colombia,2027,617723313079.0
Colombia,2028,647738560677.25
Colombia,2029,678746629799.0
Colombia,2030,710764783977.0
Comoros,2021,1336313676.2781448
Comoros,2022,1384025840.357338
Comoros,2023,1432626718.8635864
Comoros,2024,1482119422.3798523
Comoros,2025,1532507066.942337
Comoros,2026,1583792774.0450516
Comoros,2027,1635979670.6437683
Comoros,2028,1689070889.1594162
Comoros,2029,1743069567.4838333
Comoros,2030,1797978848.9832916
Costa Rica,2021,81108032383.75
Costa Rica,2022,86437855848.625
Costa Rica,2023,92008634971.0
Costa Rica,2024,97825980036.25
Costa Rica,2025,103895516921.875
Costa Rica,2026,110222887120.875
Costa Rica,2027,116813747748.125
Costa Rica,2028,123673771555.875
Costa Rica,2029,130808646957.0
Costa Rica,2030,138224078029.5
Croatia,2021,65979807943.875
Croatia,2022,66670010252.625
Croatia,2023,67243397674.5
Croatia,2024,67694616983.625
Croatia,2025,68018299586.375
Croatia,2026,68209061523.5
Croatia,2027,68261503430.0
Croatia,2028,68170210549.25
Croatia,2029,67929752695.125
Croatia,2030,67534684245.375
Cuba,2021,123558309335.5
Cuba,2022,130999203372.5
Cuba,2023,138802804684.875
Cuba,2024,146978685519.875
Cuba,2025,155536444928.75
Cuba,2026,164485708817.75
Cuba,2027,173836129949.25
Cuba,2028,183597387984.75
Cuba,2029,193779189501.75
Cuba,2030,204391268028.5
Cyprus,2021,27658051158.65625
Cyprus,2022,28032733686.28125
Cyprus,2023,28367723011.71875
Cyprus,2024,28661108942.75
Cyprus,2025,28910975800.21875
Cyprus,2026,29115402408.53125
Cyprus,2027,29272462090.625
Cyprus,2028,29380222665.5
Cyprus,2029,29436746441.0
Cyprus,2030,29440090205.21875
Czech Republic,2021,285927737897.25
Czech Republic,2022,296404199426.625
Czech Republic,2023,306964861297.0
Czech Republic,2024,317604103388.5
Czech Republic,2025,328316288565.75
Czech Republic,2026,339095762669.125
Czech Republic,2027,349936854500.5
Czech Republic,2028,360833875796.625
Czech Republic,2029,371781121219.875
Czech Republic,2030,382772868339.875
Democratic Republic of the Congo,2021,59487423440.375
Democratic Republic of the Congo,2022,64419972129.625
Democratic Republic of the Congo,2023,69643282608.375
Democratic Republic of the Congo,2024,75165514903.5
Democratic Republic of the Congo,2025,80994851978.75
Democratic Republic of the Congo,2026,87139499758.375
Democratic Republic of the Congo,2027,93607687144.75
Democratic Republic of the Congo,2028,100407666045.5
Democratic Republic of the Congo,2029,107547711387.75
Democratic Republic of the Congo,2030,115036121164.5
Denmark,2021,387528332545.0
Denmark,2022,394259149512.0
Denmark,2023,400744649019.0
Denmark,2024,406971725039.25
Denmark,2025,412927233763.5
Denmark,2026,418597993593.0
Denmark,2027,423970785065.25
Denmark,2028,429032350854.25
Denmark,2029,433769395687.75
Denmark,2030,438168586354.5
Djibouti,2021,3503893206.3203125
Djibouti,2022,3759635258.453125
Djibouti,2023,4027948117.4296875
Djibouti,2024,4309144124.3828125
Djibouti,2025,4603536491.7734375
Djibouti,2026,4911439305.1328125
Djibouti,2027,5233167523.0859375
Djibouti,2028,5569036979.078125
Djibouti,2029,5919364381.2578125
Djibouti,2030,6284467314.15625
Dominican Republic,2021,103906522204.875
Dominican Republic,2022,110157545651.75
Dominican Republic,2023,116673514386.25
Dominican Republic,2024,123460345280.25
Dominican Republic,2025,130523971617.875
Dominican Republic,2026,137870343096.875
Dominican Republic,2027,145505425848.5
Dominican Republic,2028,153435202449.125
Dominican Republic,2029,161665671944.75
Dominican Republic,2030,170202849859.0
Ecuador,2021,143825572510.25
Ecuador,2022,153141608405.5
Ecuador,2023,162898139848.25
Ecuador,2024,173106025314.0
Ecuador,2025,183776153586.25
Ecuador,2026,194919443750.5
Ecuador,2027,206546845265.25
Ecuador,2028,218669337955.5
Ecuador,2029,231297932065.75
Ecuador,2030,244443668276.0
Egypt,2021,398225572020.0
Egypt,2022,422290886661.0
Egypt,2023,447377694138.0
Egypt,2024,473508807504.0
Egypt,2025,500707103042.0
Egypt,2026,528995520368.0
Egypt,2027,558397062415.0
Egypt,2028,588934795542.0
Egypt,2029,620631849622.0
Egypt,2030,653511418034.5
El Salvador,2021,30090601209.929688
El Salvador,2022,31291908456.625
El Salvador,2023,32524541971.476562
El Salvador,2024,33788913573.289062
El Salvador,2025,35085436168.02344
El Salvador,2026,36414523749.42969
El Salvador,2027,37776591400.75781
El Salvador,2028,39172055295.13281
El Salvador,2029,40601332697.03906
El Salvador,2030,42064841962.65625
Equatorial Guinea,2021,23786257535.726562
Equatorial Guinea,2022,25043028634.398438
Equatorial Guinea,2023,26336287114.128906
Equatorial Guinea,2024,27666414377.92578
Equatorial Guinea,2025,29033792802.48047
Equatorial Guinea,2026,30438805739.785156
Equatorial Guinea,2027,31881837517.78125
Equatorial Guinea,2028,33363273441.902344
Equatorial Guinea,2029,34883499795.22266
Equatorial Guinea,2030,36442903839.40234
Eritrea,2021,2628403506.9506836
Eritrea,2022,2739900194.942627
Eritrea,2023,2853628284.566162
Eritrea,2024,2969586126.5856934
Eritrea,2025,3087772057.3652344
Eritrea,2026,3208184398.8830566
Eritrea,2027,3330821458.6794434
Eritrea,2028,3455681529.86499
Eritrea,2029,3582762891.091797
Eritrea,2030,3712063806.540039
Estonia,2021,37049610336.515625
Estonia,2022,39013867528.578125
Estonia,2023,41038992307.734375
Estonia,2024,43125795528.6875
Estonia,2025,45275090188.90625
Estonia,2026,47487691429.625
Estonia,2027,49764416539.703125
Estonia,2028,52106084957.25
Estonia,2029,54513518270.3125
Estonia,2030,56987540220.390625
Eswatini,2021,5664171017.995605
Eswatini,2022,5872242673.558594
Eswatini,2023,6083804172.060059
Eswatini,2024,6298838475.813477
Eswatini,2025,6517328481.760742
Eswatini,2026,6739257021.570801
Eswatini,2027,6964606861.445801
Eswatini,2028,7193360702.106445
Eswatini,2029,7425501178.703613
Eswatini,2030,7661010860.781738
Ethiopia,2021,103586088726.75
Ethiopia,2022,112189852777.75
Ethiopia,2023,121258048025.5
Ethiopia,2024,130802924855.0
Ethiopia,2025,140836767979.0
Ethiopia,2026,151371896458.5
Ethiopia,2027,162420663723.5
Ethiopia,2028,173995457627.0
Ethiopia,2029,186108700472.0
Ethiopia,2030,198772849034.75
Fiji,2021,6448437170.890625
Fiji,2022,6785843308.5078125
Fiji,2023,7137867282.0625
Fiji,2024,7504869779.734375
Fiji,2025,7887212496.3125
Fiji,2026,8285258134.0703125
Fiji,2027,8699370403.421875
Fiji,2028,9129914024.328125
Fiji,2029,9577254726.773438
Fiji,2030,10041759252.375
Finland,2021,298108990405.5
Finland,2022,302597634803.75
Finland,2023,306831937606.75
Finland,2024,310799508359.5
Finland,2025,314487920997.75
Finland,2026,317884713792.25
Finland,2027,320977389337.25
Finland,2028,323753414500.5
Finland,2029,326200220401.5
Finland,2030,328305202357.75
France,2021,2980042042000.0
France,2022,3008111798736.0
France,2023,3032535356908.0
France,2024,3053160345836.0
France,2025,3069833959180.0
France,2026,3082402954132.0
France,2027,3090713651500.0
France,2028,3094611934956.0
France,2029,3093943250724.0
France,2030,3088552606908.0
Gabon,2021,21677701291.046875
Gabon,2022,22701535178.578125
Gabon,2023,23762981919.15625
Gabon,2024,24862847701.46875
Gabon,2025,26001940943.890625
Gabon,2026,27181072295.390625
Gabon,2027,28401054637.34375
Gabon,2028,29662703086.21875
Gabon,2029,30966834995.9375
Gabon,2030,32314269959.59375
Georgia,2021,23869274638.96875
Georgia,2022,25312905547.34375
Georgia,2023,26811767812.65625
Georgia,2024,28366910106.921875
Georgia,2025,29979383974.90625
Georgia,2026,31650243834.34375
Georgia,2027,33380546980.140625
Georgia,2028,35171353586.875
Georgia,2029,37023726712.234375
Georgia,2030,38938732298.390625
Germany,2021,4055037254084.0
Germany,2022,4100437530832.0
Germany,2023,4141942513448.0
Germany,2024,4179392493352.0
Germany,2025,4212627305404.0
Germany,2026,4241486327816.0
Germany,2027,4265808481276.0
Germany,2028,4285432228908.0
Germany,2029,4300195575484.0
Germany,2030,4309936067360.0
Ghana,2021,85736451668.875
Ghana,2022,92437776751.375
Ghana,2023,99483130859.75
Ghana,2024,106881197670.75
Ghana,2025,114640685111.0
Ghana,2026,122770325396.625
Ghana,2027,131278875055.25
Ghana,2028,140175114940.375
Ghana,2029,149467850259.875
Ghana,2030,159165910600.625
Greece,2021,213959460518.0
Greece,2022,205222215425.0
Greece,2023,195310724317.0
Greece,2024,184185197336.0
Greece,2025,171805731807.0
Greece,2026,158132312027.0
Greece,2027,143124809246.0
Greece,2028,126742981449.0
Greece,2029,108946473400.0
Greece,2030,89694816389.0
Grenada,2021,1239461004.9329834
Grenada,2022,1282632846.0314941
Grenada,2023,1326500012.0163574
Grenada,2024,1371060443.0826416
Grenada,2025,1416312070.3829346
Grenada,2026,1462252816.0166016
Grenada,2027,1508880593.0186768
Grenada,2028,1556193305.3526611
Grenada,2029,1604188847.8981934
Grenada,2030,1652865106.4404297
Guatemala,2021,90310915275.375
Guatemala,2022,96098831905.125
Guatemala,2023,102153820509.5
Guatemala,2024,108482316259.0
Guatemala,2025,115090772250.875
Guatemala,2026,121985659534.875
Guatemala,2027,129173467116.875
Guatemala,2028,136660701984.25
Guatemala,2029,144453889120.25
Guatemala,2030,152559571519.0
Guinea,2021,12283015050.226562
Guinea,2022,12893380798.015625
Guinea,2023,13524074864.773438
Guinea,2024,14175456548.453125
Guinea,2025,14847886125.109375
Guinea,2026,15541724849.21875
Guinea,2027,16257334955.390625
Guinea,2028,16995079658.992188
Guinea,2029,17755323156.890625
Guinea,2030,18538430628.828125
Guinea-Bissau,2021,1739777724.5683594
Guinea-Bissau,2022,1848082618.2421875
Guinea-Bissau,2023,1961275619.6523438
Guinea-Bissau,2024,2079473351.90625
Guinea-Bissau,2025,2202792762.794922
Guinea-Bissau,2026,2331351125.0410156
Guinea-Bissau,2027,2465266036.7578125
Guinea-Bissau,2028,2604655421.671875
Guinea-Bissau,2029,2749637529.4609375
Guinea-Bissau,2030,2900330936.0742188
Guyana,2021,6864042971.34375
Guyana,2022,7358576136.6015625
Guyana,2023,7877298230.515625
Guyana,2024,8420799479.6484375
Guyana,2025,8989671756.976562
Guyana,2026,9584508582.03125
Guyana,2027,10205905122.945312
Guyana,2028,10854458198.585938
Guyana,2029,11530766279.59375
Guyana,2030,12235429490.039062
Haiti,2021,20153367833.46875
Haiti,2022,21237001549.765625
Haiti,2023,22361008363.78125
Haiti,2024,23526181538.171875
Haiti,2025,24733316512.171875
Haiti,2026,25983210906.765625
Haiti,2027,27276664524.484375
Haiti,2028,28614479352.96875
Haiti,2029,29997459565.546875
Haiti,2030,31426411524.875
Honduras,2021,29604026680.34375
Honduras,2022,31347969298.40625
Honduras,2023,33170698159.875
Honduras,2024,35074139922.125
Honduras,2025,37060226611.125
Honduras,2026,39130895633.125
Honduras,2027,41288089774.96875
Honduras,2028,43533757215.09375
Honduras,2029,45869851522.40625
Honduras,2030,48298331665.71875
Hungary,2021,171855700467.5
Hungary,2022,175747669465.5
Hungary,2023,179497383605.25
Hungary,2024,183095649060.75
Hungary,2025,186533245360.0
Hungary,2026,189800925370.75
Hungary,2027,192889415296.75
Hungary,2028,195789414619.0
Hungary,2029,198491596082.25
Hungary,2030,200986605674.75
Iceland,2021,25762518310.296875
Iceland,2022,26742736185.257812
Iceland,2023,27746754792.609375
Iceland,2024,28774858440.839844
Iceland,2025,29827332179.722656
Iceland,2026,30904461801.414062
Iceland,2027,32006533840.26953
Iceland,2028,33133835574.5
Iceland,2029,34286655026.257812
Iceland,2030,35465280962.515625
India,2021,3401171589172.0
India,2022,3638233213856.0
India,2023,3886589824012.0
India,2024,4146514357964.0
India,2025,4418280515008.0
India,2026,4702162755500.0
India,2027,4998436301604.0
India,2028,5307377138328.0
India,2029,5629262014032.0
India,2030,5964368441436.0
Indonesia,2021,1416114523630.0
Indonesia,2022,1513725819684.0
Indonesia,2023,1615916886248.0
Indonesia,2024,1722797344926.0
Indonesia,2025,1834477122784.0
Indonesia,2026,1951066452168.0
Indonesia,2027,2072675871502.0
Indonesia,2028,2199416225260.0
Indonesia,2029,2331398664230.0
Indonesia,2030,2468734646226.0
Iran,2021,578428084462.0
Iran,2022,604418021938.5
Iran,2023,631339672291.25
Iran,2024,659213118735.5
Iran,2025,688058500061.0
Iran,2026,717896010624.25
Iran,2027,748745900452.0
Iran,2028,780628475252.5
Iran,2029,813564096511.5
Iran,2030,847573181503.5
Iraq,2021,309917596496.0
Iraq,2022,333453356451.5
Iraq,2023,358228207202.0
Iraq,2024,384274693601.5
Iraq,2025,411625451645.5
Iraq,2026,440313208562.5
Iraq,2027,470370782901.5
Iraq,2028,501831084588.5
Iraq,2029,534727115093.0
Iraq,2030,569091967422.0
Ireland,2021,401129169237.0
Ireland,2022,418767213652.25
Ireland,2023,436852979267.125
Ireland,2024,455390674522.6875
Ireland,2025,474384518421.5625
Ireland,2026,493838740539.125
Ireland,2027,513757581036.8125
Ireland,2028,534145290662.875
Ireland,2029,555006130771.5
Ireland,2030,576344373325.6875
Israel,2021,419229945323.0
Israel,2022,440577913402.25
Israel,2023,462733093417.75
Israel,2024,485712733785.5
Israel,2025,509534130563.75
Israel,2026,534214627535.0
Israel,2027,559771616253.0
Israel,2028,586222536059.5
Israel,2029,613584874147.0
Israel,2030,641876165615.25
Italy,2021,2080551329012.0
Italy,2022,2057860454580.0
Italy,2023,2029221453372.0
Italy,2024,1994425214588.0
Italy,2025,1953262033256.0
Italy,2026,1905521609608.0
Italy,2027,1850993048792.0
Italy,2028,1789464860136.0
Italy,2029,1720724956288.0
Italy,2030,1644560653292.0
Ivory Coast,2021,64525649648.625
Ivory Coast,2022,69158748200.5
Ivory Coast,2023,74036709170.25
Ivory Coast,2024,79166097668.125
Ivory Coast,2025,84553497217.125
Ivory Coast,2026,90205509764.875
Ivory Coast,2027,96128755698.125
Ivory Coast,2028,102329873864.25
Ivory Coast,2029,108815521593.5
Ivory Coast,2030,115592374711.25
Jamaica,2021,17206187259.804688
Jamaica,2022,17583698404.523438
Jamaica,2023,17955884674.609375
Jamaica,2024,18322289747.546875
Jamaica,2025,18682455972.164062
Jamaica,2026,19035924366.625
Jamaica,2027,19382234617.929688
Jamaica,2028,19720925080.054688
Jamaica,2029,20051532773.25
Jamaica,2030,20373593381.742188
Japan,2021,4240035563296.0
Japan,2022,4008836971152.0
Japan,2023,3752122842080.0
Japan,2024,3469098678960.0
Japan,2025,3158967741072.0
Japan,2026,2820931040048.0
Japan,2027,2454187338576.0
Japan,2028,2057933148304.0
Japan,2029,1631362726448.0
Japan,2030,1173668075552.0
Jordan,2021,57127938331.6875
Jordan,2022,61084727770.75
Jordan,2023,65231737355.625
Jordan,2024,69573641003.5625
Jordan,2025,74115125670.75
Jordan,2026,78860891366.1875
Jordan,2027,83815651155.25
Jordan,2028,88984131179.375
Jordan,2029,94371070672.4375
Jordan,2030,99981221961.5625
Kazakhstan,2021,275436699710.75
Kazakhstan,2022,292981599183.75
Kazakhstan,2023,311236678267.5
Kazakhstan,2024,330216270059.0
Kazakhstan,2025,349934747113.75
Kazakhstan,2026,370406521430.25
Kazakhstan,2027,391646044548.75
Kazakhstan,2028,413667807543.0
Kazakhstan,2029,436486341078.25
Kazakhstan,2030,460116215445.0
Kenya,2021,104625924042.25
Kenya,2022,112553843615.25
Kenya,2023,120886704009.0
Kenya,2024,129634807296.0
Kenya,2025,138808484324.5
Kenya,2026,148418094785.5
Kenya,2027,158474027202.0
Kenya,2028,168986698993.5
Kenya,2029,179966556467.0
Kenya,2030,191424074890.0
Kiribati,2021,256430234.99389648
Kiribati,2022,270417940.41674805
Kiribati,2023,285041831.6899414
Kiribati,2024,300318106.4602051
Kiribati,2025,316263007.6394043
Kiribati,2026,332892823.47021484
Kiribati,2027,350223887.58081055
Kiribati,2028,368272578.9873047
Kiribati,2029,387055322.18115234
Kiribati,2030,406588587.14868164
Kuwait,2021,193817681743.375
Kuwait,2022,203510023479.875
Kuwait,2023,213537378923.75
Kuwait,2024,223905878240.5
Kuwait,2025,234621668335.75
Kuwait,2026,245690912861.0
Kuwait,2027,257119792238.875
Kuwait,2028,268914503671.5
Kuwait,2029,281081261165.125
Kuwait,2030,293626295541.125
Laos,2021,23054710538.125
Laos,2022,24960244707.5625
Laos,2023,26965839429.0
Laos,2024,29074059107.8125
Laos,2025,31287475325.625
Laos,2026,33608666839.0
Laos,2027,36040219589.25
Laos,2028,38584726709.875
Laos,2029,41244788532.5
Laos,2030,44023012595.4375
Latvia,2021,42338118692.203125
Latvia,2022,44280557815.77734
Latvia,2023,46266212455.69531
Latvia,2024,48295161710.671875
Latvia,2025,50367484729.458984
Latvia,2026,52483260710.91016
Latvia,2027,54642568903.9043
Latvia,2028,56845488607.35547
Latvia,2029,59092099170.22656
Latvia,2030,61382479991.48828
Lebanon,2021,68709628512.625
Lebanon,2022,72419955262.09375
Lebanon,2023,76256483878.34375
Lebanon,2024,80221320166.34375
Lebanon,2025,84316575633.0
Lebanon,2026,88544367490.6875
Lebanon,2027,92906818663.71875
Lebanon,2028,97406057795.34375
Lebanon,2029,102044219248.4375
Lebanon,2030,106823443117.8125
Lesotho,2021,3013387848.538452
Lesotho,2022,3126261152.2926025
Lesotho,2023,3241503346.9241943
Lesotho,2024,3359128464.734497
Lesotho,2025,3479150569.546509
Lesotho,2026,3601583756.7319336
Lesotho,2027,3726442153.2365723
Lesotho,2028,3853739917.6186523
Lesotho,2029,3983491240.065796
Lesotho,2030,4115710342.4278564
Liberia,2021,4800305946.0078125
Liberia,2022,5143222902.609375
Liberia,2023,5501667409.8984375
Liberia,2024,5875988744.7421875
Liberia,2025,6266537152.8671875
Liberia,2026,6673663849.3359375
Liberia,2027,7097721019.7734375
Liberia,2028,7539061820.9765625
Liberia,2029,7998040382.515625
Liberia,2030,8475011806.8046875
Libya,2021,48704285966.6875
Libya,2022,48146830452.9375
Libya,2023,47481645145.0625
Libya,2024,46705253250.5625
Libya,2025,45814168139.9375
Libya,2026,44804893335.875
Libya,2027,43673922499.125
Libya,2028,42417739424.4375
Libya,2029,41032818030.3125
Libya,2030,39515622345.75
Lithuania,2021,66115534527.6875
Lithuania,2022,69430013016.51562
Lithuania,2023,72836470938.9375
Lithuania,2024,76335819645.34375
Lithuania,2025,79928972795.10938
Lithuania,2026,83616846357.125
Lithuania,2027,87400358611.92188
Lithuania,2028,91280430155.09375
Lithuania,2029,95257983898.59375
Lithuania,2030,99333945072.17188
Luxembourg,2021,83610798783.125
Luxembourg,2022,87216337021.0
Luxembourg,2023,90914693344.35938
Luxembourg,2024,94706834966.04688
Luxembourg,2025,98593731569.75
Luxembourg,2026,102576355312.15625
Luxembourg,2027,106655680825.20312
Luxembourg,2028,110832685218.125
Luxembourg,2029,115108348080.4375
Luxembourg,2030,119483651483.42188
Madagascar,2021,17057293965.40625
Madagascar,2022,17991389241.09375
Madagascar,2023,18969235374.984375
Madagascar,2024,19991963412.90625
Madagascar,2025,21060707563.796875
Madagascar,2026,22176605206.234375
Madagascar,2027,23340796887.578125
Madagascar,2028,24554426330.6875
Madagascar,2029,25818640434.84375
Madagascar,2030,27134589279.390625
Malawi,2021,10091630309.570312
Malawi,2022,10639326295.789062
Malawi,2023,11209380535.617188
Malawi,2024,11802293539.09375
Malawi,2025,12418567204.148438
Malawi,2026,13058704817.796875
Malawi,2027,13723211057.039062
Malawi,2028,14412591991.15625
Malawi,2029,15127355081.90625
Malawi,2030,15868009185.507812
Malaysia,2021,449343033476.75
Malaysia,2022,474526039723.75
Malaysia,2023,500680570759.25
Malaysia,2024,527826384535.75
Malaysia,2025,555983293419.25
Malaysia,2026,585171164181.75
Malaysia,2027,615409918156.5
Malaysia,2028,646719531193.5
Malaysia,2029,679120033755.5
Malaysia,2030,712631510973.75
Maldives,2021,6409673005.984375
Maldives,2022,6881856767.453125
Maldives,2023,7376553388.4453125
Maldives,2024,7894298771.3984375
Maldives,2025,8435630310.3046875
Maldives,2026,9001086892.148438
Maldives,2027,9591208898.523438
Maldives,2028,10206538207.414062
Maldives,2029,10847618194.101562
Maldives,2030,11514993732.695312
Mali,2021,21076209698.53125
Mali,2022,22410807060.46875
Mali,2023,23805229109.15625
Mali,2024,25260878866.0625
Mali,2025,26779163250.9375
Mali,2026,28361493092.125
Mali,2027,30009283124.375
Mali,2028,31723951998.6875
Mali,2029,33506922280.0625
Mali,2030,35359620456.65625
Malta,2021,16320121157.054688
Malta,2022,17163045617.414062
Malta,2023,18036668277.054688
Malta,2024,18941598966.304688
Malta,2025,19878449190.65625
Malta,2026,20847832133.976562
Malta,2027,21850362658.671875
Malta,2028,22886657308.640625
Malta,2029,23957334310.015625
Malta,2030,25063013573.257812
Mauritania,2021,9321301336.132812
Mauritania,2022,9840625866.0625
Mauritania,2023,10381862215.476562
Mauritania,2024,10945514620.476562
Mauritania,2025,11532088717.625
Mauritania,2026,12142091545.539062
Mauritania,2027,12776031546.070312
Mauritania,2028,13434418565.414062
Mauritania,2029,14117763856.445312
Mauritania,2030,14826580078.84375
Mauritius,2021,16760375450.390625
Mauritius,2022,17547096237.296875
Mauritius,2023,18358200727.117188
Mauritius,2024,19194081025.242188
Mauritius,2025,20055130294.796875
Mauritius,2026,20941742757.65625
Mauritius,2027,21854313696.117188
Mauritius,2028,22793239452.898438
Mauritius,2029,23758917432.960938
Mauritius,2030,24751746104.421875
Mexico,2021,1416054210491.0
Mexico,2022,1448233063122.0
Mexico,2023,1479769648722.0
Mexico,2024,1510615579896.0
Mexico,2025,1540722328653.0
Mexico,2026,1570041226212.0
Mexico,2027,1598523463004.0
Mexico,2028,1626120088393.0
Mexico,2029,1652782010647.0
Mexico,2030,1678459996722.0
Micronesia,2021,362804991.7609863
Micronesia,2022,365871712.55493164
Micronesia,2023,368482885.81518555
Micronesia,2024,370620608.30029297
Micronesia,2025,372266925.68652344
Micronesia,2026,373403832.5083008
Micronesia,2027,374013272.12524414
Micronesia,2028,374077136.6550293
Micronesia,2029,373577266.92944336
Micronesia,2030,372495452.4470215
Moldova,2021,14149430408.109375
Moldova,2022,15121260246.890625
Moldova,2023,16135748215.96875
Moldova,2024,17193830440.078125
Moldova,2025,18296445635.734375
Moldova,2026,19444535113.8125
Moldova,2027,20639042781.421875
Moldova,2028,21880915144.5625
Moldova,2029,23171101311.25
Moldova,2030,24510552993.125
Mongolia,2021,18208398121.59375
Mongolia,2022,19608053753.53125
Mongolia,2023,21080032583.625
Mongolia,2024,22626197813.4375
Mongolia,2025,24248417858.34375
Mongolia,2026,25948566347.3125
Mongolia,2027,27728522134.8125
Mongolia,2028,29590169299.53125
Mongolia,2029,31535397153.59375
Mongolia,2030,33566100246.96875
Montenegro,2021,6769223070.949219
Montenegro,2022,7133021186.113281
Montenegro,2023,7508301839.6953125
Montenegro,2024,7895223224.691406
Montenegro,2025,8293943953.916016
Montenegro,2026,8704623060.316406
Montenegro,2027,9127419997.238281
Montenegro,2028,9562494639.058594
Montenegro,2029,10010007281.310547
Montenegro,2030,10470118641.416016
Morocco,2021,140316490562.0625
Morocco,2022,146294083142.6875
Morocco,2023,152446806506.96875
Morocco,2024,158777419643.375
Morocco,2025,165288688973.84375
Morocco,2026,171983388350.0
Morocco,2027,178864299073.46875
Morocco,2028,185934209894.375
Morocco,2029,193195917020.53125
Morocco,2030,200652224123.90625
Mozambique,2021,19270209346.171875
Mozambique,2022,20018802893.328125
Mozambique,2023,20777368406.609375
Mozambique,2024,21545678937.367188
Mozambique,2025,22323506821.976562
Mozambique,2026,23110623681.3125
Mozambique,2027,23906800420.203125
Mozambique,2028,24711807226.234375
Mozambique,2029,25525413569.4375
Mozambique,2030,26347388201.429688
Myanmar,2021,100535596869.375
Myanmar,2022,108372674619.625
Myanmar,2023,116590448919.375
Myanmar,2024,125197981022.5
Myanmar,2025,134204357395.625
Myanmar,2026,143618689763.625
Myanmar,2027,153450115117.5
Myanmar,2028,163707795747.125
Myanmar,2029,174400919256.875
Myanmar,2030,185538698599.0
Namibia,2021,16347412382.113281
Namibia,2022,17092536930.714844
Namibia,2023,17859921803.0625
Namibia,2024,18649910506.039062
Namibia,2025,19462847468.746094
Namibia,2026,20299078044.972656
Namibia,2027,21158948512.5625
Namibia,2028,22042806075.378906
Namibia,2029,22950998863.828125
Namibia,2030,23883875935.73828
Nepal,2021,39130868086.125
Nepal,2022,41990014017.5
Nepal,2023,44991230200.625
Nepal,2024,48138057241.0
Nepal,2025,51434045634.3125
Nepal,2026,54882755766.125
Nepal,2027,58487757925.625
Nepal,2028,62252632316.0
Nepal,2029,66180969060.0625
Nepal,2030,70276368217.5
Netherlands,2021,984558188843.0
Netherlands,2022,999236104367.0
Netherlands,2023,1013023475689.0
Netherlands,2024,1025876956639.0
Netherlands,2025,1037753076511.0
Netherlands,2026,1048608239847.0
Netherlands,2027,1058398726307.0
Netherlands,2028,1067080690670.0
Netherlands,2029,1074610162545.0
Netherlands,2030,1080943046427.0
New Zealand,2021,261653976770.5
New Zealand,2022,275035329749.5
New Zealand,2023,288906853501.625
New Zealand,2024,303278259411.625
New Zealand,2025,318159285562.125
New Zealand,2026,333559696738.375
New Zealand,2027,349489284460.625
New Zealand,2028,365957867013.25
New Zealand,2029,382975289468.75
New Zealand,2030,400551423713.25
Niger,2021,15616708708.84375
Niger,2022,16637855909.5
Niger,2023,17708570951.59375
Niger,2024,18830097268.625
Niger,2025,20003681768.125
Niger,2026,21230574831.625
Niger,2027,22512030320.625
Niger,2028,23849305579.9375
Niger,2029,25243661441.09375
Niger,2030,26696362223.5
Nigeria,2021,660809739566.0
Nigeria,2022,704052149791.0
Nigeria,2023,749287029086.0
Nigeria,2024,796561797443.0
Nigeria,2025,845924006730.0
Nigeria,2026,897421341049.0
Nigeria,2027,951101616697.0
Nigeria,2028,1007012782355.0
Nigeria,2029,1065202919246.0
Nigeria,2030,1125720241214.0
Norway,2021,549793729865.75
Norway,2022,565890128235.5
Norway,2023,582006602592.5
Norway,2024,598132002709.5
Norway,2025,614255145223.0
Norway,2026,630364813635.0
Norway,2027,646449758277.75
Norway,2028,662498696263.75
Norway,2029,678500311470.5
Norway,2030,694443254477.75
Oman,2021,104781427388.75
Oman,2022,110914468055.375
Oman,2023,117294389598.125
Oman,2024,123926415004.25
Oman,2025,130815781681.875
Oman,2026,137967741478.875
Oman,2027,145387560689.5
Oman,2028,153080520073.125
Oman,2029,161051914866.0
Oman,2030,169307054801.25
Pakistan,2021,389204806981.5
Pakistan,2022,413661123139.0
Pakistan,2023,439199871276.0
Pakistan,2024,465846038726.5
Pakistan,2025,493624682251.0
Pakistan,2026,522560928107.0
Pakistan,2027,552679972093.5
Pakistan,2028,584007079632.5
Pakistan,2029,616567585817.5
Pakistan,2030,650386895520.5
Panama,2021,81623580319.75
Panama,2022,87681010254.375
Panama,2023,94044917797.75
Panama,2024,100723077424.75
Panama,2025,107723285336.75
Panama,2026,115053359481.875
Panama,2027,122721139577.75
Panama,2028,130734487132.625
Panama,2029,139101285463.75
Panama,2030,147829439731.25
Papua New Guinea,2021,33262922874.5625
Papua New Guinea,2022,35708929641.5
Papua New Guinea,2023,38279045803.625
Papua New Guinea,2024,40976435125.5
Papua New Guinea,2025,43804270217.4375
Papua New Guinea,2026,46765732543.5625
Papua New Guinea,2027,49864012426.5
Papua New Guinea,2028,53102309060.0625
Papua New Guinea,2029,56483830518.0
Papua New Guinea,2030,60011793762.3125
Paraguay,2021,55214871745.75
Paraguay,2022,58912533782.0
Paraguay,2023,62784400116.5625
Paraguay,2024,66834709628.3125
Paraguay,2025,71067713008.125
Paraguay,2026,75487672777.0
Paraguay,2027,80098863295.125
Paraguay,2028,84905570772.6875
Paraguay,2029,89912093280.4375
Paraguay,2030,95122740766.1875
Peru,2021,289545713372.0
Peru,2022,307861033342.25
Peru,2023,326991717905.25
Peru,2024,346956623436.25
Peru,2025,367774658710.0
Peru,2026,389464784927.75
Peru,2027,412046015788.0
Peru,2028,435537417545.75
Peru,2029,459958109033.5
Peru,2030,485327261737.0
Philippines,2021,446137648296.0
Philippines,2022,475486119824.0
Philippines,2023,506189785931.0
Philippines,2024,538280944606.0
Philippines,2025,571791983737.5
Philippines,2026,606755381242.5
Philippines,2027,643203705105.0
Philippines,2028,681169613494.0
Philippines,2029,720685854828.0
Philippines,2030,761785267883.0
Poland,2021,693817536689.75
Poland,2022,721328685334.75
Poland,2023,749237264698.5
Poland,2024,777536106189.5
Poland,2025,806218018282.5
Poland,2026,835275786500.75
Poland,2027,864702173395.5
Poland,2028,894489918512.25
Poland,2029,924631738378.25
Poland,2030,955120326467.0
Portugal,2021,245455802923.5
Portugal,2022,245610572081.0
Portugal,2023,245212154678.0
Portugal,2024,244238601211.0
Portugal,2025,242667899518.5
Portugal,2026,240477974694.5
Portugal,2027,237646689043.5
Portugal,2028,234151842053.5
Portugal,2029,229971170258.5
Portugal,2030,225082347250.0
Qatar,2021,273771181512.5
Qatar,2022,293789784279.5
Qatar,2023,314748770936.0
Qatar,2024,336670114812.0
Qatar,2025,359575850333.0
Qatar,2026,383488073090.0
Qatar,2027,408428939866.0
Qatar,2028,434420668707.0
Qatar,2029,461485539003.5
Qatar,2030,489645891525.5
Republic of the Congo,2021,19653813027.5
Republic of the Congo,2022,20733857945.65625
Republic of the Congo,2023,21854931507.546875
Republic of the Congo,2024,23017853172.25
Republic of the Congo,2025,24223444652.578125
Republic of the Congo,2026,25472529916.140625
Republic of the Congo,2027,26765935188.5625
Republic of the Congo,2028,28104488954.15625
Republic of the Congo,2029,29489021959.859375
Republic of the Congo,2030,30920367215.203125
Romania,2021,287787062316.75
Romania,2022,303193122674.75
Romania,2023,319113930333.75
Romania,2024,335557791335.25
Romania,2025,352533034121.25
Romania,2026,370048009589.625
Romania,2027,388111091074.25
Romania,2028,406730674399.125
Romania,2029,425915177889.0
Romania,2030,445673042385.75
Russia,2021,2362049882255.0
Russia,2022,2474903422025.0
Russia,2023,2590825430708.5
Russia,2024,2709847493226.5
Russia,2025,2832001274955.5
Russia,2026,2957318521872.5
Russia,2027,3085831060601.0
Russia,2028,3217570798490.0
Russia,2029,3352569723695.5
Russia,2030,3490859905261.0
Rwanda,2021,12609824815.5
Rwanda,2022,13470359722.171875
Rwanda,2023,14373554118.25
Rwanda,2024,15320497953.4375
Rwanda,2025,16312284225.078125
Rwanda,2026,17350008981.0625
Rwanda,2027,18434771322.84375
Rwanda,2028,19567673407.546875
Rwanda,2029,20749820451.75
Rwanda,2030,21982320734.84375
Sao Tome and Principe,2021,532732623.2480469
Sao Tome and Principe,2022,572343721.4482422
Sao Tome and Principe,2023,613813589.4179688
Sao Tome and Principe,2024,657185352.9619141
Sao Tome and Principe,2025,702502257.7646484
Sao Tome and Principe,2026,749807669.4160156
Sao Tome and Principe,2027,799145073.5771484
Sao Tome and Principe,2028,850558076.1445312
Sao Tome and Principe,2029,904090403.2675781
Sao Tome and Principe,2030,959785901.5917969
Saudi Arabia,2021,1026123806614.0
Saudi Arabia,2022,1089896222768.0
Saudi Arabia,2023,1156578978105.0
Saudi Arabia,2024,1226242528547.0
Saudi Arabia,2025,1298957526279.0
Saudi Arabia,2026,1374794820139.0
Saudi Arabia,2027,1453825455625.0
Saudi Arabia,2028,1536120675124.0
Saudi Arabia,2029,1621751918173.0
Saudi Arabia,2030,1710790821594.0
Senegal,2021,26730646570.25
Senegal,2022,28076749768.8125
Senegal,2023,29476961466.890625
Senegal,2024,30932509805.453125
Senegal,2025,32444626334.578125
Senegal,2026,34014546014.71875
Senegal,2027,35643507222.890625
Senegal,2028,37332751753.0
Senegal,2029,39083524821.09375
Senegal,2030,40897075067.6875
Serbia,2021,56146049564.75
Serbia,2022,57580718929.3125
Serbia,2023,58982879727.125
Serbia,2024,60349972099.75
Serbia,2025,61679428743.25
Serbia,2026,62968674902.5625
Serbia,2027,64215128363.0
Serbia,2028,65416199442.875
Serbia,2029,66569290984.625
Serbia,2030,67671798351.375
Sierra Leone,2021,6022446960.0703125
Sierra Leone,2022,6435357028.71875
Sierra Leone,2023,6869301812.5078125
Sierra Leone,2024,7324822409.6015625
Sierra Leone,2025,7802461431.4453125
Sierra Leone,2026,8302763005.15625
Sierra Leone,2027,8826272773.09375
Sierra Leone,2028,9373537896.242188
Sierra Leone,2029,9945107054.84375
Sierra Leone,2030,10541530449.703125
Singapore,2021,460464199378.0
Singapore,2022,488056823942.5
Singapore,2023,516772010655.5
Singapore,2024,546633558023.5
Singapore,2025,577665330260.0
Singapore,2026,609891257373.5
Singapore,2027,643335335232.5
Singapore,2028,678021625583.0
Singapore,2029,713974256191.5
Singapore,2030,751217420832.0
Slovakia,2021,127685888999.625
Slovakia,2022,132321595102.1875
Slovakia,2023,136990716790.1875
Slovakia,2024,141690598744.8125
Slovakia,2025,146418577639.8125
Slovakia,2026,151171982128.5625
Slovakia,2027,155948132843.125
Slovakia,2028,160744342382.1875
Slovakia,2029,165557915301.25
Slovakia,2030,170386148107.5625
Slovenia,2021,57102019161.75
Slovenia,2022,57947122250.375
Slovenia,2023,58712732286.9375
Slovenia,2024,59394912889.625
Slovenia,2025,59989716356.5625
Slovenia,2026,60493183650.5625
Slovenia,2027,60901344391.8125
Slovenia,2028,61210216841.125
Slovenia,2029,61415807892.875
Slovenia,2030,61514113067.6875
Solomon Islands,2021,1943257688.9355469
Solomon Islands,2022,2069987606.6347656
Solomon Islands,2023,2202722306.2148438
Solomon Islands,2024,2341610707.6132812
Solomon Islands,2025,2486802146.4941406
Solomon Islands,2026,2638446374.40625
Solomon Islands,2027,2796693559.4726562
Solomon Islands,2028,2961694286.529297
Solomon Islands,2029,3133599557.6660156
Solomon Islands,2030,3312560792.736328
Somalia,2021,5673267854.046875
Somalia,2022,6091782468.53125
Somalia,2023,6533018599.890625
Somalia,2024,6997591137.875
Somalia,2025,7486116697.28125
Somalia,2026,7999213619.59375
Somalia,2027,8537501974.421875
Somalia,2028,9101603561.421875
Somalia,2029,9692141911.8125
Somalia,2030,10309742290.1875
South Africa,2021,442902420077.5239
South Africa,2022,457983572501.92236
South Africa,2023,473346371144.2881
South Africa,2024,488991961567.8179
South Africa,2025,504921491536.9595
South Africa,2026,521136111020.8281
South Africa,2027,537636972193.5615
South Africa,2028,554425229436.917
South Africa,2029,571502039341.874
South Africa,2030,588868560710.2974
South Korea,2021,1971523505123.5
South Korea,2022,2059341038033.5
South Korea,2023,2149501234075.0
South Korea,2024,2242030841967.0
South Korea,2025,2336956679688.0
South Korea,2026,2434305634582.0
South Korea,2027,2534104663380.0
South Korea,2028,2636380792324.5
South Korea,2029,2741161117158.5
South Korea,2030,2848472803260.5
South Sudan,2021,13936046880.185791
South Sudan,2022,13918901292.393799
South Sudan,2023,13901342002.055176
South Sudan,2024,13883356124.432129
South Sudan,2025,13864930738.34375
South Sudan,2026,13846052886.12085
South Sudan,2027,13826709573.575928
South Sudan,2028,13806887769.98999
South Sudan,2029,13786574408.042969
South Sudan,2030,13765756383.79126
Spain,2021,1530306788874.0
Spain,2022,1543966838264.0
Spain,2023,1555253679954.0
Spain,2024,1564064468950.0
Spain,2025,1570296065538.0
Spain,2026,1573845035278.0
Spain,2027,1574607648610.0
Spain,2028,1572479880612.0
Spain,2029,1567357410534.0
Spain,2030,1559135621752.0
Sri Lanka,2021,121253200774.5
Sri Lanka,2022,129899459835.25
Sri Lanka,2023,138959207395.0
Sri Lanka,2024,148442390225.875
Sri Lanka,2025,158358982807.375
Sri Lanka,2026,168718987336.125
Sri Lanka,2027,179532433790.125
Sri Lanka,2028,190809379924.5
Sri Lanka,2029,202559911306.375
Sri Lanka,2030,214794141343.75
Sudan,2021,71305411571.3125
Sudan,2022,74655190885.96875
Sudan,2023,78115548590.46875
Sudan,2024,81688426693.1875
Sudan,2025,85375772487.75
Sudan,2026,89179538552.78125
Sudan,2027,93101682762.125
Sudan,2028,97144168287.28125
Sudan,2029,101308963602.4375
Sudan,2030,105598042491.03125
Suriname,2021,6375840643.8671875
Suriname,2022,6748446662.796875
Suriname,2023,7136841988.2109375
Suriname,2024,7541379269.5625
Suriname,2025,7962412133.296875
Suriname,2026,8400295184.921875
Suriname,2027,8855384008.671875
Suriname,2028,9328035169.59375
Suriname,2029,9818606213.757812
Suriname,2030,10327455669.960938
Sweden,2021,647315963369.5
Sweden,2022,663685616996.75
Sweden,2023,680115066076.625
Sweden,2024,696597525084.625
Sweden,2025,713126188142.875
Sweden,2026,729694229029.5
Sweden,2027,746294801128.25
Sweden,2028,762921037424.875
Sweden,2029,779566050490.75
Sweden,2030,796222932441.125
Switzerland,2021,890758038689.5
Switzerland,2022,924445384385.25
Switzerland,2023,958976574174.0
Switzerland,2024,994362899805.375
Switzerland,2025,1030615682908.75
Switzerland,2026,1067746275025.5
Switzerland,2027,1105766057615.625
Switzerland,2028,1144686442105.375
Switzerland,2029,1184518869902.875
Switzerland,2030,1225274812446.875
Syria,2021,34075248594.3125
Syria,2022,34663944252.30469
Syria,2023,35248968598.25391
Syria,2024,35830098528.9375
Syria,2025,36407110297.11328
Syria,2026,36979779511.15234
Syria,2027,37547881134.50391
Syria,2028,38111189484.66797
Syria,2029,38669478232.91406
Syria,2030,39222520403.48047
Tajikistan,2021,11514447771.046875
Tajikistan,2022,12269046759.25
Tajikistan,2023,13055835976.953125
Tajikistan,2024,13875510523.515625
Tajikistan,2025,14728767419.953125
Tajikistan,2026,15616305611.609375
Tajikistan,2027,16538825969.96875
Tajikistan,2028,17497031293.640625
Tajikistan,2029,18491626311.078125
Tajikistan,2030,19523317682.578125
Tanzania,2021,71949167247.75
Tanzania,2022,76666594298.875
Tanzania,2023,81586224244.875
Tanzania,2024,86712456811.1875
Tanzania,2025,92049703903.5625
Tanzania,2026,97602389608.125
Tanzania,2027,103374950209.125
Tanzania,2028,109371834197.8125
Tanzania,2029,115597502286.625
Tanzania,2030,122056427418.5
Thailand,2021,591065327836.5
Thailand,2022,623266575018.0
Thailand,2023,656707031105.5
Thailand,2024,691412376295.0
Thailand,2025,727408361604.0
Thailand,2026,764720808919.5
Thailand,2027,803375611057.5
Thailand,2028,843398731865.0
Thailand,2029,884816206256.5
Thailand,2030,927654140296.5
Timor-Leste,2021,2309689901.8007812
Timor-Leste,2022,2482273982.6132812
Timor-Leste,2023,2662999719.390625
Timor-Leste,2024,2852056957.3554688
Timor-Leste,2025,3049636069.8398438
Timor-Leste,2026,3255927958.1914062
Timor-Leste,2027,3471124052.4921875
Timor-Leste,2028,3695416312.1289062
Timor-Leste,2029,3928997226.265625
Timor-Leste,2030,4172059814.5117188
Togo,2021,7786540589.453125
Togo,2022,8306700262.34375
Togo,2023,8852968576.578125
Togo,2024,9426023646.109375
Togo,2025,10026545481.78125
Togo,2026,10655215996.09375
Togo,2027,11312719000.953125
Togo,2028,11999740212.8125
Togo,2029,12716967253.296875
Togo,2030,13465089650.5625
Tonga,2021,565342952.2260132
Tonga,2022,587419415.3584595
Tonga,2023,610019076.2251587
Tonga,2024,633147496.52771
Tonga,2025,656810252.2338867
Tonga,2026,681012933.5748291
Tonga,2027,705761145.0697632
Tonga,2028,731060505.5327759
Tonga,2029,756916648.0906372
Tonga,2030,783335220.1939087
Trinidad and Tobago,2021,33344049515.921875
Trinidad and Tobago,2022,34850379812.65625
Trinidad and Tobago,2023,36406346465.171875
Trinidad and Tobago,2024,38012865458.84375
Trinidad and Tobago,2025,39670855281.6875
Trinidad and Tobago,2026,41381236926.6875
Trinidad and Tobago,2027,43144933894.59375
Trinidad and Tobago,2028,44962872195.828125
Trinidad and Tobago,2029,46835980353.171875
Trinidad and Tobago,2030,48765189403.609375
Tunisia,2021,50774980887.78125
Tunisia,2022,51722436099.3125
Tunisia,2023,52635201844.21875
Tunisia,2024,53511302801.84375
Tunisia,2025,54348757950.5
Tunisia,2026,55145580556.65625
Tunisia,2027,55899778173.03125
Tunisia,2028,56609352634.8125
Tunisia,2029,57272300049.375
Tunisia,2030,57886610792.46875
Turkey,2021,1192000094937.0
Turkey,2022,1249772608148.0
Turkey,2023,1309312155751.0
Turkey,2024,1370644242261.5
Turkey,2025,1433794440249.0
Turkey,2026,1498788390371.5
Turkey,2027,1565651801453.0
Turkey,2028,1634410450557.5
Turkey,2029,1705090183029.5
Turkey,2030,1777716912586.5
Turkmenistan,2021,59367053499.375
Turkmenistan,2022,63931959193.375
Turkmenistan,2023,68718957827.375
Turkmenistan,2024,73733376859.75
Turkmenistan,2025,78980558590.875
Turkmenistan,2026,84465860175.75
Turkmenistan,2027,90194653627.875
Turkmenistan,2028,96172325842.875
Turkmenistan,2029,102404278608.0
Turkmenistan,2030,108895928624.0
Uganda,2021,46347895219.4375
Uganda,2022,49569318623.625
Uganda,2023,52944404401.875
Uganda,2024,56476867137.0
Uganda,2025,60170431763.1875
Uganda,2026,64028833573.125
Uganda,2027,68055818230.1875
Uganda,2028,72255141780.6875
Uganda,2029,76630570660.5
Uganda,2030,81185881699.3125
Ukraine,2021,150766903838.75
Ukraine,2022,153210003194.0
Ukraine,2023,155502711845.0
Ukraine,2024,157637443867.125
Ukraine,2025,159606591505.75
Ukraine,2026,161402525158.625
Ukraine,2027,163017593344.75
Ukraine,2028,164444122692.5
Ukraine,2029,165674417911.25
Ukraine,2030,166700761777.125
United Arab Emirates,2021,548756775276.0
United Arab Emirates,2022,580616137188.5
United Arab Emirates,2023,613749243843.5
United Arab Emirates,2024,648182895730.5
United Arab Emirates,2025,683943967293.5
United Arab Emirates,2026,721059407036.5
United Arab Emirates,2027,759556237567.5
United Arab Emirates,2028,799461555712.0
United Arab Emirates,2029,840802532531.5
United Arab Emirates,2030,883606413399.5
United Kingdom,2021,3041467796056.0
United Kingdom,2022,3051006253780.0
United Kingdom,2023,3054637258720.0
United Kingdom,2024,3052124397660.0
United Kingdom,2025,3043230582348.0
United Kingdom,2026,3027718048612.0
United Kingdom,2027,3005348355984.0
United Kingdom,2028,2975882386680.0
United Kingdom,2029,2939080345132.0
United Kingdom,2030,2894701757584.0
United States,2021,22096505119432.0
United States,2022,22756408798364.0
United States,2023,23423339120648.0
United States,2024,24097149419392.0
United States,2025,24777692563704.0
United States,2026,25464820958064.0
United States,2027,26158386542008.0
United States,2028,26858240789960.0
United States,2029,27564234710200.0
United States,2030,28276218844652.0
Uruguay,2021,81588555039.375
Uruguay,2022,86804587274.5
Uruguay,2023,92263994628.875
Uruguay,2024,97972717194.875
Uruguay,2025,103936711610.75
Uruguay,2026,110161951103.75
Uruguay,2027,116654425491.5
Uruguay,2028,123420141201.25
Uruguay,2029,130465121283.875
Uruguay,2030,137795405438.25
Uzbekistan,2021,97637664410.625
Uzbekistan,2022,104277108232.125
Uzbekistan,2023,111212408297.125
Uzbekistan,2024,118450240169.5
Uzbekistan,2025,125997297937.875
Uzbekistan,2026,133860294222.75
Uzbekistan,2027,142045960198.375
Uzbekistan,2028,150561045604.875
Uzbekistan,2029,159412318777.5
Uzbekistan,2030,168606566644.375
Vanuatu,2021,1088270390.369629
Vanuatu,2022,1143199303.6699219
Vanuatu,2023,1200090527.9072266
Vanuatu,2024,1258982734.2036133
Vanuatu,2025,1319914699.9067383
Vanuatu,2026,1382925308.713379
Vanuatu,2027,1448053550.6572266
Vanuatu,2028,1515338522.4262695
Vanuatu,2029,1584819427.2104492
Vanuatu,2030,1656535574.9960938
Venezuela,2021,442725885805.375
Venezuela,2022,463630344050.75
Venezuela,2023,485202363789.0
Venezuela,2024,507452850635.875
Venezuela,2025,530392739692.25
Venezuela,2026,554032995547.125
Venezuela,2027,578384612303.5
Venezuela,2028,603458613634.75
Venezuela,2029,629266052786.25
Venezuela,2030,655818012616.5
Vietnam,2021,308383187557.5
Vietnam,2022,331642701153.0
Vietnam,2023,356035912215.5
Vietnam,2024,381590304647.5
Vietnam,2025,408333438892.5
Vietnam,2026,436292952090.0
Vietnam,2027,465496558122.0
Vietnam,2028,495972047662.0
Vietnam,2029,527747288281.0
Vietnam,2030,560850224540.0
Yemen,2021,45238484990.89868
Yemen,2022,47327890602.701904
Yemen,2023,49466314624.67944
Yemen,2024,51653969345.03027
Yemen,2025,53891067471.90454
Yemen,2026,56177822133.80005
Yemen,2027,58514446879.8833
Yemen,2028,60901155680.31592
Yemen,2029,63338162926.723145
Yemen,2030,65825683432.403564
Zambia,2021,37898029178.3125
Zambia,2022,40521047567.375
Zambia,2023,43270119581.875
Zambia,2024,46148303067.0
Zambia,2025,49158664389.625
Zambia,2026,52304278443.1875
Zambia,2027,55588228664.3125
Zambia,2028,59013607033.625
Zambia,2029,62583514088.0
Zambia,2030,66301058927.875
Zimbabwe,2021,26778180103.0625
Zimbabwe,2022,28700582688.9375
Zimbabwe,2023,30735163020.5
Zimbabwe,2024,32885177694.25
Zimbabwe,2025,35153892475.5625
Zimbabwe,2026,37544582308.5625
Zimbabwe,2027,40060531326.8125
Zimbabwe,2028,42705032861.9375
Zimbabwe,2029,45481389448.5
Zimbabwe,2030,48392912839.75
