Country,2007,2008,2009,2010,2011,2012,2013,2014,2015,2016,2017,2018,2019,2020
Aruba,,,4.012598924,4.130796618,4.79098829,11.25918122,5.140044047,7.322688277,4.968985791,4.042414418,6.540014545,8.314287698,4.35366898,
Africa Eastern and Southern,,,6.815104346,4.81770499,,,5.269071998,,7.404855493,7.834947261,8.200108668,4.944681069,,
Afghanistan,,,,,,,,,,,,,,
Africa Western and Central,,,,1.819348241,2.740516054,3.149650968,4.195751105,4.74156735,8.740670239,3.355487677,3.633242734,3.887880104,3.506402926,
Angola,,,,,,,,,15.62811007,16.23305508,24.23088033,5.780095724,,
Albania,,,1.328193373,1.464517198,1.016872891,0.926806811,0.890238032,0.257234811,1.634190385,0.784313359,0.088456603,0.044701906,,
Andorra,23.79385021,16.38991517,12.18845925,23.62984149,18.49709081,20.653714,23.59804612,20.68648753,22.64484316,24.2802468,23.25132289,28.46079139,,
Arab World,,,,,,1.816614389,1.808124286,3.949349682,3.228912772,1.874825264,1.764612628,2.136284136,1.925188804,
United Arab Emirates,,3.362965668,,,,3.766661334,3.60713495,10.35817374,5.311027422,2.617915296,2.721423758,3.052401088,2.895265863,
Argentina,7.038995659,9.380306072,9.072411085,7.748539738,7.359094505,6.674939563,7.485894854,7.088182385,9.282262488,9.022443729,9.247428305,5.402984041,5.21279068,
Armenia,1.139896007,1.573331283,2.842802044,2.324428013,3.373336197,2.850901413,3.027848224,3.021633743,5.651814027,6.13781179,7.550863596,7.055598424,9.794845162,
American Samoa,,,,,,,,,,,,,,
Antigua and Barbuda,,,,,,,,,,0.026055614,0.375050372,0.613426845,,
Australia,14.61950273,15.41497159,16.7798091,16.63547086,18.11314422,17.34872458,18.08936181,19.09525207,19.81792696,20.73105115,17.96185454,18.32479628,21.5247036,
Austria,12.98428367,12.66521649,13.43983175,13.70791913,13.25781917,14.546138,15.37014895,15.49076884,15.034673,14.45812551,12.88668608,11.655288,11.49867138,
Azerbaijan,4.309531058,1.149992989,1.016460646,1.36855164,1.789469204,8.559600609,13.77614203,8.637813107,4.464668791,2.853777778,3.301082291,4.345525454,,
Burundi,,,,,,,0.305334494,1.457298325,3.492667709,3.195982557,1.663621512,17.04276442,1.531362084,
Belgium,8.480223583,8.961013121,11.36851865,5.957551764,5.727983529,5.808224207,6.36699722,7.875526592,7.578716282,8.919014483,7.870466668,8.01386266,9.73229269,
Benin,,,,,,,1.275855655,4.135344225,0.964424885,1.244882881,3.581709205,2.842001305,1.249986579,
Burkina Faso,,,0.745313488,7.907497369,7.313790573,8.636258332,13.99286081,11.0463358,5.286721738,5.944967307,5.929276876,5.937123392,25.8025793,
Bangladesh,,0.435964057,0.305868196,0.213042263,0.194943639,0.463362869,0.299088588,,0.307870408,,,,,
Bulgaria,6.328294485,7.015804699,8.690957534,8.422352084,7.835516063,8.049051235,8.284397487,7.565260353,8.433162414,8.977701443,9.647832999,10.37540761,10.85245268,
Bahrain,,,0.031213136,0.110260452,0.152292189,0.386616226,0.592039173,1.499138744,0.935614434,1.058340088,0.62494863,0.449029825,,
"Bahamas, The",,,3.27E-05,0.001796119,,,,,,2.104436611,7.804787172,1.966124622,,
Bosnia and Herzegovina,,4.506225268,3.542955808,2.833620557,3.272615758,2.618258873,2.405615872,2.495167787,2.987863358,2.734753975,5.443816725,5.255468492,5.27087754,
Belarus,,2.433074381,3.185407177,3.051862026,2.559142336,2.833507753,4.595599079,4.162469406,4.472981216,4.870628508,4.390912958,4.052910582,4.251962495,
Belize,,,,,4.775579168,,,,,,8.17E-05,0.066546021,,0.938241071
Bermuda,,,,,,12.34846455,12.60000423,28.60412471,27.16155607,48.78536566,21.78900133,17.05593452,6.940522366,
Bolivia,4.675422114,4.429846111,4.931366643,8.396434114,13.266852,9.223496449,9.364909815,8.057902215,6.402594397,,,,,
Brazil,12.6985509,12.45746411,14.47452914,12.35322125,10.85046934,11.52449643,10.65130571,11.71722733,13.62314856,14.76575639,13.85253322,13.44294229,13.27405402,
Barbados,,,,,,,,,,,,,13.69191338,
Brunei Darussalam,,,20.67890885,28.81604835,22.55317594,15.14408947,17.03421204,9.513763647,19.5657169,13.80353103,30.35127697,0.042430082,8.503808747,
Bhutan,0.751439723,0.126757285,0.215969978,0.137310611,8.76E-05,0.02303265,,,,,,,,
Botswana,,,,,,,0.387967427,0.245767183,0.68877827,0.420866304,0.938314466,0.655100823,0.385021903,
Central African Republic,,,,22.62927138,0.032534625,1.413306999,0.289135277,,5.268427891,11.77186196,22.07636113,29.01931909,,
Canada,14.9010546,15.38765995,18.22358567,15.89718957,15.05172418,15.93129484,15.77685709,15.04505966,15.1461249,14.41885817,14.70105725,15.69048913,16.51307169,
Central Europe and the Baltics,10.92469381,11.32235094,12.91867136,13.24959662,12.95090723,12.64503558,12.4902688,12.66299604,13.19488625,13.20346953,13.02710231,13.06982608,13.14745182,
Switzerland,23.86086503,24.88606281,26.67118879,25.82741866,25.28558024,26.29905418,26.98907144,26.88887616,27.27706166,27.34750853,14.02940636,13.32709561,12.91396374,12.84748504
Channel Islands,,,,,,,,,,,,,,
Chile,8.032328301,7.069693034,6.641758133,6.556024072,5.308838497,5.398307761,6.962894716,7.318971313,7.061323219,8.543349479,6.976647217,6.891835411,7.527474108,
China,30.15397172,29.36566988,31.94094521,32.13547804,30.48546293,30.85059535,31.57912806,29.69645103,30.42310804,30.24421982,30.90869414,31.46958093,30.78501209,
Cote d'Ivoire,,15.37769739,12.47413431,4.247803748,16.79995157,8.970499601,4.397067999,11.48007374,7.236432923,8.590604234,7.01551172,6.559932001,11.232924,
Cameroon,,,,,,,3.325611149,7.120381856,4.881477979,5.618417735,6.017404499,,,
"Congo, Dem. Rep.",,,,,,,,,,,,,,
"Congo, Rep.",,,,,,,,1.123074501,1.088693469,1.2213629,2.189426449,2.627891125,6.671594467,
Colombia,3.065465412,4.017364655,5.583739456,5.491249617,4.713373353,5.747294448,7.851086191,8.120269727,9.85342256,10.33658258,8.992398114,7.254302214,9.124115414,
Comoros,,,,,,,,2.126239687,3.136092819,0.452268289,27.24378835,0.171855653,3.031922602,
Cabo Verde,,,,,0.601738999,,,0.002953693,,,,9.64E-05,,
Costa Rica,45.44471765,39.57330619,44.26176547,40.14781082,40.99701221,39.79189285,43.44138806,36.50761059,16.98570235,18.44283259,18.49841044,18.46687014,17.56490681,
Caribbean small states,,,,4.370164798,,,,,,4.998296722,6.195253863,5.941554734,,
Cuba,,,,,,,,,,,,,,
Curacao,,,,,,,,,,,,,,
Cayman Islands,,,,,,,,,,,,,,
Cyprus,31.29565411,32.01723917,32.52942908,38.20152023,30.3585435,16.59149708,13.08339834,14.52826214,12.71082453,13.34768864,13.34996243,19.87383673,19.87421432,
Czech Republic,15.2365112,15.77567409,17.42748372,17.86505746,18.70501251,18.58275886,17.33810859,17.38660688,17.76992611,16.97265977,17.88264612,19.60878881,20.804636,
Germany,15.4914459,15.11269816,16.84564932,16.97450795,16.41513595,17.33249078,17.36616268,17.26047692,17.85405921,18.17252869,15.84895846,15.77146205,16.42632709,15.50305849
Djibouti,,,0.923621421,,,,,,,,,,,
Dominica,,,,0.837412395,,9.006074095,,,,,,,,
Denmark,18.31589229,16.92094451,18.92987261,15.46830164,15.27512411,15.82761556,15.83569656,15.71848209,17.18957243,14.89148073,12.50932317,12.37370797,12.04440921,13.26612218
Dominican Republic,10.64440659,3.739126646,2.506950425,2.349489881,2.38651253,3.200658343,4.454537827,4.304970425,4.260574818,4.76560352,8.575012506,6.997050165,,
Algeria,1.203712831,1.041776055,1.176831871,1.168677212,0.541468119,0.343094834,0.569126975,0.328391618,0.233281062,0.48961408,0.960299341,,,
East Asia & Pacific (excluding high income),29.7152629,28.0724465,32.56867663,30.703915,29.07292924,29.66243906,30.3757652,29.16084861,29.86488023,29.85449578,31.56890117,32.1227451,31.68634888,
Early-demographic dividend,,,8.757068446,8.601475716,8.083870156,8.040703837,7.89630988,8.22479093,8.629175351,8.882020221,10.66922598,10.8950383,11.84603293,
East Asia & Pacific,29.31612839,28.89670957,32.10978362,30.66506893,27.63834594,27.73778011,28.20967552,27.23067252,28.18557102,28.07436913,33.9035181,34.72926474,34.20257021,
Europe & Central Asia (excluding high income),5.64720134,5.472153462,8.888162999,9.606004702,8.097938331,8.917698354,10.55560263,11.1612166,12.46205591,11.18495234,9.433223821,9.023090478,10.54911461,
Europe & Central Asia,15.77327115,15.38432584,17.03055639,17.48911845,16.65550957,16.64931871,17.36895487,16.93538548,17.75824983,18.00516218,15.82779368,15.37952087,16.15024131,
Ecuador,,5.592018826,4.605033611,8.769558303,3.576748358,2.933206015,5.277751278,5.637215391,7.688544157,9.192153676,8.053772393,5.289314901,5.527952825,
"Egypt, Arab Rep.",,1.044755044,0.837069314,0.95301989,0.991983719,0.616318566,0.53483765,1.252666005,0.794362785,0.504375413,0.56523257,0.865008479,2.340478517,
Euro area,15.77778922,15.50476592,17.04123138,17.4626177,16.71736543,16.56121878,17.30679511,16.67271543,17.38122367,17.80017462,16.22625911,15.7982565,16.47394787,
Eritrea,,,,,,,,,,,,,,
Spain,5.490019487,5.586221639,6.395681897,,,7.225537525,,6.914876033,6.888794662,7.804606565,7.002581693,6.776586705,6.860932302,7.771266105
Estonia,11.85108871,10.81081118,10.36109982,15.7345931,22.22682684,20.56775059,20.67587967,23.65193178,22.71316488,21.89272502,17.93921238,,,
Ethiopia,,6.068792267,5.43459777,4.909817183,2.239753308,3.448878167,1.851465453,9.129798841,6.194386046,6.825015141,5.83079826,13.64514974,,
European Union,15.59206394,15.3579326,16.92706015,17.210152,16.4856142,16.29268652,16.82969529,16.31746254,17.0106007,17.31284453,15.80203013,15.42970104,16.05547861,
Fragile and conflict affected situations,,,,,,,,,,,,,,
Finland,21.76964202,21.4923177,18.01762555,13.14800184,11.07697248,10.47575753,9.024160634,10.05239746,10.18445398,10.05228491,9.656853847,9.017583109,9.214541081,9.99874684
Fiji,,3.955300385,5.06710109,4.191650185,4.333377447,2.38863545,2.375210821,2.58623733,2.057699716,2.70766422,3.528577302,3.809490622,22.0013002,
France,20.31105108,21.73115668,24.3619292,26.59523889,25.32214926,26.86989443,27.2947157,27.62024131,28.33858302,28.05637429,26.13545185,25.96983302,26.99241184,
Faroe Islands,0.479344012,4.804597815,0.637987541,,,,,,,,,,,
"Micronesia, Fed. Sts.",,,,,,,,,,,,,,
Gabon,,,,,,,,,,,,,,
United Kingdom,21.10294332,20.82902863,20.78694455,23.53732676,23.57803804,23.78812206,23.85748713,22.44936882,22.63422287,23.92718052,23.09321062,22.71719432,23.46813032,23.09862511
Georgia,,,4.120193091,2.332453643,1.50732975,2.493542178,2.538402644,4.103700089,5.728468709,3.644104155,3.231528085,3.334938863,2.567375095,
Ghana,,,,2.425957839,1.700740354,7.784491747,5.118657488,10.11930543,7.585437456,2.297897876,4.465476271,8.302212282,1.13778738,
Gibraltar,,,,,,,,,,,,,,
Guinea,,,,,,,2.496890652,5.082023907,0.959602475,0.899973973,,,,
"Gambia, The",,,,,4.043761872,0.175000964,3.421293354,,1.064950432,,0.360382108,1.741822108,0.040954839,0.886698822
Guinea-Bissau,,,,,,,,,,,,,,
Equatorial Guinea,,,,,,,,,,,,,,
Greece,9.114508546,11.10517931,12.27124924,11.61831333,11.25013911,10.14318488,8.46757621,11.4963461,12.92549118,13.71025751,12.10901495,12.94977838,12.51486997,13.25340195
Grenada,,,,,,,,,,,,,,
Greenland,14.10481423,4.272388466,1.636444244,47.27186915,8.709056562,47.28592503,1.461120061,1.042660592,78.47655602,4.80662318,4.337200055,1.709252768,,
Guatemala,3.676232911,4.33437075,4.816683947,6.33731461,4.971641759,5.070397172,5.146507708,5.390300002,5.476202515,5.815896145,5.343573184,5.310930765,4.920136355,6.063373757
Guam,,,,,,,,,,,,,,
Guyana,0.343429748,0.110975926,0.041325773,0.189114951,0.230409936,0.123526347,0.296978499,0.217317495,0.177562735,0.197005818,0.090739337,0.215506908,,
High income,20.61222896,20.08390247,21.42785142,21.12119214,19.22535836,18.72732184,18.89557376,18.6428859,19.55657323,19.75853181,20.15994963,20.02886467,20.43386799,
"Hong Kong SAR, China",21.61775211,24.39024971,33.7878947,36.79520761,20.80910312,18.4953547,13.90104709,11.39063745,12.30272072,13.47080891,61.55535972,64.65500016,65.56644476,69.65047817
Honduras,1.436866979,,2.3120572,2.631471141,1.727579708,2.795222971,,2.579693833,1.308471322,2.837923166,3.123585428,1.962644177,1.966731342,
Heavily indebted poor countries (HIPC),,,,3.317556671,6.681187416,7.618728254,5.648172964,6.406548492,4.604890831,5.171645927,4.23372857,5.179696844,,
Croatia,9.500559396,9.519285813,11.30824574,10.1821118,8.691106142,11.81205624,12.49349728,10.43897802,10.70642049,14.4016891,8.734939379,8.837440802,8.304374303,
Haiti,,,,,,,,,,,,,,
Hungary,26.0009524,24.96553561,26.72776271,25.92845675,25.17934673,21.22584037,19.38045334,16.69571175,17.08323362,17.607383,17.19094936,16.83471465,17.45780148,
IBRD only,,16.92899114,20.24534135,20.0176027,18.24127507,19.29616202,19.97065342,19.88200369,20.98619721,20.77730934,21.40690975,21.59953666,22.29178138,
IDA & IBRD total,,16.56608635,19.60656859,19.15288578,17.53840514,18.53081115,19.264949,19.22751073,20.33184747,20.18582922,20.7277161,20.97924764,21.66557941,
IDA total,,,5.041366735,1.813942884,2.797361462,3.526939873,3.33861706,4.096553633,5.327039105,5.087793417,3.532269659,3.515768293,,
IDA blend,,,2.973629079,1.636455478,1.459513305,2.051023855,2.900281071,2.284153504,7.188566305,3.124073217,2.539410423,2.049476347,2.601420075,
Indonesia,,,,12.093252,10.6569836,10.69647796,9.606564288,9.305979485,8.903089763,8.002947978,8.455446755,8.222591579,8.097892919,
IDA only,,,,2.009210207,4.439593125,5.318891163,3.767565984,,4.054132696,6.320815808,,,,
Isle of Man,,,,,,,,,,,,,,
India,,,9.678178305,7.809744084,7.891523386,7.729531408,8.883288734,9.226508963,8.039628032,7.681523693,7.389559618,9.081063796,10.29886438,
Not classified,,,,,,,,,,,,,,
Ireland,30.77473899,28.86986019,26.48791557,22.91752332,24.91812668,25.6204253,24.98408574,24.9275132,28.35438307,32.84874345,29.19505191,24.82553629,25.9734867,25.72791698
"Iran, Islamic Rep.",,,,,4.495728023,,1.605253429,1.595942691,1.601338158,1.398752641,1.363255652,0.829719049,,
Iraq,,,,,,,,,,,,,,
Iceland,60.71198415,40.88715252,31.53946038,21.15775407,21.05263442,15.39351807,15.73542791,17.12339434,20.13938729,23.38923164,26.37598498,23.47336502,38.07920363,28.35889562
Israel,7.626273484,17.06157585,23.3968275,19.37617209,18.3995425,19.89187058,19.03549644,19.41371306,22.89572703,21.83221755,21.06833006,22.54165881,23.09242282,27.8502054
Italy,7.187792634,7.301027576,8.394137082,8.139714843,8.065329249,7.671225862,7.90617846,7.820628028,8.265535563,8.351433611,7.891012603,7.497143688,7.833264155,
Jamaica,,2.951906169,1.923381946,2.970409844,7.331939997,2.079426804,3.566952552,4.572056343,1.036084958,4.127507207,5.739326237,11.30402556,3.064780819,
Jordan,1.133535156,0.917231145,1.413917336,2.862053244,2.550583978,2.367792919,1.679557613,1.80671198,2.577043113,3.377826713,1.812819656,1.50858476,1.36854377,
Japan,20.083357,18.84564935,20.54611337,19.13795902,18.40883774,18.27989673,17.80868069,17.79096365,18.07168447,17.62585119,17.60554695,17.30983477,17.01945311,18.65487854
Kazakhstan,,,31.68688717,35.35914604,25.6819741,31.0130054,38.55300499,39.28864948,43.44494839,32.14328046,24.24211915,23.47848968,29.77547838,
Kenya,,4.694291356,6.062373102,6.716967001,,,4.068780736,,4.365945901,7.586035054,3.348549014,3.613323213,4.592515618,
Kyrgyz Republic,,3.119105541,5.044537606,1.230755469,3.958059749,4.782588717,5.433781031,2.048257665,12.24602006,19.92677622,17.62284033,8.05235288,6.767634258,
Cambodia,0.046797641,0.091650038,0.208915166,0.15340939,0.114782587,0.259104007,1.212855098,0.505628348,1.535160357,1.858680898,1.742382592,1.409278877,1.194021495,
Kiribati,,,,,,,,2.759484638,1.382543247,2.759441361,,,,
St. Kitts and Nevis,,,0.039078365,1.301051927,0.116633026,35.76767411,35.1205966,27.63543911,23.28034244,25.76347428,34.60264021,,,
"Korea, Rep.",32.22768451,30.33420827,32.06482384,32.07527106,28.18299356,28.2250179,29.81807664,30.0603674,31.22728013,30.52687547,32.55002668,36.39144251,32.4074909,
Kuwait,,,,3.118550863,2.772107903,,1.659975713,0.13387561,0.127428516,0.146947066,0.203527701,4.11750765,0.90276949,
Latin America & Caribbean (excluding high income),,13.84728855,15.11425462,14.48203648,14.18113351,13.76245941,13.86190516,13.82983764,14.31189531,15.29174533,15.34817085,14.82768621,14.77713015,
Lao PDR,,,,6.325823486,8.161973359,8.77232289,9.813602163,24.9943425,35.18019606,33.57410029,37.95044722,38.01673934,20.60946392,
Lebanon,3.047729609,3.388611011,8.236498901,24.11593587,2.950564941,2.290655258,2.700951336,2.521160938,2.188008533,2.8225451,7.609520855,2.354760951,,
Liberia,,,,,,,,,,,,,,
Libya,,,,,,,,,,,,,,
St. Lucia,,,,,,8.167351265,8.518445421,6.26898307,4.558693322,6.42816144,4.569022939,14.33878777,10.54759421,
Latin America & Caribbean,,13.18938005,14.18103936,13.63249688,13.33883776,13.05001844,13.24806047,13.2585789,13.78605346,14.64920852,14.59217565,14.07281742,14.1812502,
Least developed countries: UN classification,,,,,,,,,6.270887847,9.386952579,,,,
Low income,,,,,,,,,,,,,,
Liechtenstein,,,,,,,,,,,,,,
Sri Lanka,,1.877681285,0.979319729,1.130071585,1.035499522,0.950917409,1.039435459,0.954805671,0.891656314,0.943903946,1.019916604,,,
Lower middle income,,,,6.893718908,6.974087255,8.164173411,8.768434553,9.384084443,10.45628386,10.95194378,14.31807259,15.17886794,17.71314913,
Low & middle income,,17.40941448,20.45380442,19.86475211,18.16643679,19.12361765,19.84072944,19.77149709,20.88755395,20.76007253,21.38048957,21.69136109,22.47190495,
Lesotho,,,,,,,,,0.212663319,0.144839388,0.208562084,,,
Late-demographic dividend,21.38084166,18.85069923,23.8574648,23.75877751,21.57445506,21.33687672,21.88081725,22.14357464,23.693447,23.6871517,23.5546667,23.34148677,23.70245938,
Lithuania,11.50089448,11.83049038,10.6033404,11.25106392,10.61569361,11.03829888,11.02308516,11.13996319,12.78353834,12.64318504,12.58001735,12.10270948,12.03012759,12.03370448
Luxembourg,10.70993361,8.010868708,10.31988504,8.776426552,9.046388991,8.68040788,6.843410364,5.9724979,7.106325883,7.967048244,7.147935404,6.973223984,6.579096794,5.62089978
Latvia,7.50352085,7.452714623,8.755891101,8.451890709,9.470801178,11.40636947,15.4219758,17.72703908,18.92450337,17.24329818,17.71788063,20.57557838,17.24152126,20.61434343
"Macao SAR, China",2.781777505,3.471766495,7.036238353,,,,,0.163745238,,,,,,
St. Martin (French part),,,,,,,,,,,,,,
Morocco,,,,,,,,,3.703917011,3.744984772,3.863137661,4.0274618,4.89982035,
Monaco,,,,,,,,,,,,,,
Moldova,,,5.842389499,9.716681854,7.422116404,5.132546774,2.7667288,5.340283432,4.617075953,3.483887499,5.393474553,2.531574008,2.964391094,
Madagascar,1.082028332,0.721275582,1.720136328,1.214387924,9.729187777,0.455654597,0.472787127,0.637364472,0.256953832,0.768859294,0.50394209,0.395051888,0.366303746,
Maldives,,,,,,,,,,0.025307379,0.14397589,,,
Middle East & North Africa,,,,,3.722298244,3.661080123,3.292398906,5.210548701,5.163468655,3.928405244,3.838339552,4.24804236,4.69929172,
Mexico,,20.59007077,22.7121634,22.16713495,21.16782362,21.39471669,20.52990051,20.21722101,19.59355182,20.6431722,21.18307543,20.90818155,20.42305256,
Marshall Islands,,,,,,,,,,,,,,
Middle income,,17.5103825,20.47427821,19.96027999,18.22508389,19.16486687,19.89129664,19.82731316,20.95210175,20.85152848,21.46713373,21.76545227,22.49340972,
North Macedonia,0.902080461,1.291531138,3.164569027,3.556675518,4.110183411,4.070492672,3.782498779,3.296017976,3.369131035,2.081807154,3.981615625,4.049079845,4.222575404,4.181045551
Mali,,3.209588926,,4.48315327,4.391430312,2.256469332,,,,6.499346633,1.244275184,,,
Malta,53.04066925,50.4457335,48.03183702,47.17772341,47.51594083,46.09225956,38.75162471,34.75993281,30.84408021,22.28324593,30.61758572,33.15521866,29.78167614,
Myanmar,,,,0.002681273,0.201949575,1.013571984,0.268343897,0.627031527,0.469787769,7.533836716,6.028703119,,,
Middle East & North Africa (excluding high income),,,,,3.125160892,,,,2.073340258,2.12397831,2.237056147,,,
Montenegro,,9.032367604,23.56673331,10.34142913,8.253606497,10.78467825,7.904502907,14.61958358,12.76544024,5.564621508,4.237936321,3.153848877,,
Mongolia,7.70594784,,,,,,16.2910692,19.61596997,4.164654231,16.48462057,3.467945584,4.99382363,18.94402064,
Northern Mariana Islands,,,,,,,,,,,,,,
Mozambique,,,,,,24.74088768,13.86739731,5.716550982,,1.672105927,11.85475211,5.648433095,,
Mauritania,,,,,,,,,,0.002046525,,,0.013144802,
Mauritius,,7.475826284,2.007739291,0.693280217,0.800067383,0.929231407,0.575721791,0.029877141,0.114088195,0.108502819,2.38541138,2.597958798,2.143742448,
Malawi,,2.40727263,3.701807164,2.206416545,15.65687989,2.1113888,11.45701603,4.072816594,2.424888902,19.90866934,11.50193677,2.91470139,7.255989392,
Malaysia,,,50.87170719,49.311854,47.22455138,47.50221331,48.47126951,49.22759301,48.48811605,49.07043436,51.1311255,53.27388875,51.84896235,
North America,26.77530158,25.82120758,23.54891621,21.56248757,19.76027038,19.6246072,19.58419294,19.74104567,20.58172086,21.28499109,18.6623665,18.19050552,18.48198404,19.75239403
Namibia,5.422914474,1.142609886,1.631672893,1.969243707,1.825752639,5.367871807,2.792034787,3.64693311,0.439232074,2.225346267,0.181794602,0.219642271,0.236883641,0.477053022
New Caledonia,,0.660733754,8.559208201,0.895989491,15.44593369,10.75819123,14.03023306,13.15387719,5.26729582,,,,,
Niger,,,17.39210839,8.046536185,5.821426333,13.19646582,57.68815982,60.29985291,15.86162384,2.979382799,8.089111448,2.968477835,,
Nigeria,,,2.977161375,1.1028981,1.275536163,1.978077378,3.059587189,2.265712058,12.26259782,2.351026085,2.330351742,1.928170245,1.482401172,
Nicaragua,4.739661513,0.947223752,5.902934562,5.383435505,6.711652811,0.262801732,0.395542695,0.468464212,0.583114218,0.798709505,0.599501197,0.676881793,1.062570506,
Netherlands,29.05965089,26.04180995,28.03612894,27.88421381,25.23701609,25.51466221,24.74114286,24.62600197,24.10412588,24.03992027,23.03818505,22.5333026,23.06481147,
Norway,17.98035963,18.66944909,19.82107045,20.46978257,21.60056309,21.16410897,21.06368047,22.37551714,22.33312634,21.01214131,21.63350708,21.26694101,22.61836249,
Nepal,,,0.428628768,0.686184554,0.415308031,0.136727857,0.321841421,0.719637884,0.635275668,0.822554461,1.18426055,,,
Nauru,,,,,,,,,,,,,,
New Zealand,10.04213008,9.320599162,9.910354633,9.670709553,9.992060147,10.08248858,10.72641037,9.915461821,10.11574406,10.88208003,9.259377698,9.847063813,9.865713421,10.14497575
OECD members,19.12140705,18.71273414,19.52312516,19.48310415,18.56236774,18.46766911,18.91491384,18.53917616,19.19909767,19.5159504,17.7320549,17.53626449,17.82528967,
Oman,,,,,,3.393229717,3.443912015,4.36109407,3.243235719,1.521005565,1.116738628,1.258040481,,
Other small states,,,12.03592965,,8.924364765,6.675499258,6.081304113,6.277743001,9.568989148,7.180810722,8.417775487,7.38184187,8.851060344,
Pakistan,,1.924735018,1.767061423,1.728023545,1.844092524,1.725331234,1.924888898,1.448112842,1.610357677,1.957391636,2.176368742,2.169894282,2.302693347,1.887812516
Panama,,1.234267169,1.373899883,0.826045658,36.20956289,12.75313801,14.39693276,6.133474503,6.074324355,9.189359908,13.70781231,,,
Peru,,2.950094033,3.728640053,6.967140396,6.542262163,3.82556958,4.109467411,4.252188305,5.414344428,4.815734487,5.139985364,4.681209312,4.078138711,
Philippines,,,,,,,,,,,60.31752511,61.34579397,62.24658142,
Palau,,,,,,,,20.28263822,41.21994309,60.45686096,26.82768045,51.68388214,,
Papua New Guinea,,,,,23.76377845,4.456405985,,,,,,,,
Poland,3.77680596,5.231002996,7.080921811,7.717129655,6.6196263,7.897692808,8.860413634,10.259811,11.02081018,11.02917726,10.90769366,10.62125694,10.11288296,
Pre-demographic dividend,,,,,,,,,,7.249111424,,,,
Puerto Rico,,,,,,,,,,,,,,
"Korea, Dem. People's Rep.",,,,,,,,,,,,,,
Portugal,8.60303056,8.237526819,4.795556968,4.073176313,4.132772909,4.492890955,4.700111953,4.882511536,5.081193949,5.805325286,5.988083215,5.283888297,6.942215276,7.083804714
Paraguay,6.963560243,9.599998649,12.03393609,8.629719206,10.0073322,8.838164028,8.626709271,6.803182932,6.03842113,7.636267773,6.431356166,9.735859905,7.182844204,
West Bank and Gaza,0.068595177,0.185536046,0.13035021,0.355480921,0.208594532,0.316657811,0.094799442,0.234222699,0.961927863,0.717403679,0.615204111,0.850022139,0.903315387,
Pacific island small states,,,4.450770396,3.828008249,3.942230712,,,3.415374102,4.078601335,5.146729728,3.884328078,5.006280743,19.86474139,
Post-demographic dividend,20.67854776,20.48448647,21.56623653,22.08760519,20.23773871,20.03508248,20.4153519,19.77192251,20.46105651,20.61223235,21.22414081,21.25468576,21.63383754,
French Polynesia,,,9.274124228,5.000212961,17.73558079,2.598981554,7.925036654,15.56429988,11.82096296,,,,,
Qatar,,,0.027080653,,0.005507629,0.002334602,0.000580959,0.049124708,5.196289125,0.001132908,0.00550624,1.798843102,0.002503856,
Romania,4.414387793,6.922149054,10.37230763,12.52827031,11.63583967,8.179880332,7.398175906,8.413356782,9.418182646,10.39244372,9.779693695,10.07741425,11.07256524,
Russian Federation,7.238133301,7.03333404,9.715599939,9.563299463,8.505657796,9.159842813,10.73281474,12.18386152,16.08198979,15.86382199,12.44106826,11.43970467,13.00276494,
Rwanda,,,31.24967038,7.117718759,13.72529281,5.085104054,4.997348615,11.85598974,15.32509324,13.53127924,2.661184338,2.571565367,10.55160075,
South Asia,,,8.360391493,6.937177599,6.947837763,6.816393752,7.78877275,8.471228041,6.865746724,7.063714222,6.857583095,8.736968496,9.894824409,
Saudi Arabia,0.684451151,0.778048813,1.095950717,0.750807804,0.590662976,0.661180465,0.712561212,0.590576497,0.787293711,1.304857803,0.734713746,0.543860569,0.648362934,
Sudan,,0.102384311,32.74875339,0.202906282,1.383892849,,,,,,,,,
Senegal,,5.810153022,13.63292697,1.862569172,0.895733605,0.862200758,1.480066987,1.824324499,3.749574829,2.71866597,2.162913757,2.809059816,0.935341144,
Singapore,48.52859221,52.75668997,50.93045884,52.37193121,47.77568771,48.51652374,50.46861735,50.86894859,52.43906167,52.49432279,53.22024204,51.75669967,52.12820793,
Solomon Islands,,,,,,,,,2.799395181,1.742905012,1.0224634,1.359223255,,
Sierra Leone,,,,,,,,0.008480894,0.006537046,0.001261473,0.064879818,0.735508192,,
El Salvador,6.316909676,5.891204912,6.469407478,7.323011419,6.635779953,6.007837882,5.655348284,5.652586069,4.982968822,5.373189235,5.736899848,6.127901676,5.119151008,6.386698736
San Marino,,,,,,,,,,,,,,
Somalia,,,,,,,,,,,,,,
Serbia,4.545214644,,,,,,,,,,,,,
Sub-Saharan Africa (excluding high income),,,,3.523868636,4.203991035,5.036336956,4.780345061,4.984126068,7.878023955,6.290584126,6.418642235,4.566857856,3.878423608,
South Sudan,,,,,,,,,,,,,,
Sub-Saharan Africa,,,,3.523868636,4.203991035,5.036336956,4.802119599,4.98710593,7.878867715,6.280392685,6.595596795,4.569385009,3.870510316,
Small states,,,11.33783653,,8.823351974,6.551868116,6.007252582,6.2207774,9.3304764,7.026542569,8.219945189,7.249477666,,
Sao Tome and Principe,,,,,2.001836969,14.54785828,14.51788571,1.38764213,46.95713857,68.14284925,34.66415585,45.96726967,17.03026394,
Suriname,,,,14.22401616,6.935176211,25.08869068,10.88441202,14.93506503,10.81283568,20.03224728,10.27714639,5.821902288,12.52179912,
Slovak Republic,5.392435084,5.085142922,6.356168205,7.354641744,7.523075635,9.577895165,11.02396828,11.14764922,11.15859177,10.75113426,11.76540286,10.63636485,9.912570585,
Slovenia,5.685398149,6.483709635,6.847766281,6.08031907,6.217701465,6.663193774,6.73855967,6.417225503,7.025375595,7.151213694,6.509791222,6.825121199,7.354029839,
Sweden,16.87960968,17.35715,18.8582209,19.68053311,18.78196492,18.03573508,18.03452882,17.99858922,18.09032289,18.27160547,15.40393423,14.37504015,,
Eswatini,,0.349978057,0.274186678,0.23130849,0.076379794,0.065735529,0.097260248,0.081342713,0.232643859,0.199860512,0.29324389,0.924127066,0.274638735,
Sint Maarten (Dutch part),,,,,,,,,,,,,,
Seychelles,,,,,,,10.88018219,5.862670478,8.107838676,3.738239991,49.63209016,5.243567539,2.19832182,
Syrian Arab Republic,,1.881492192,1.572221094,1.507287506,,,,,,,,,,
Turks and Caicos Islands,,,,,2.100620439,2.19852999,,,,,,,,
Chad,,,,,,,,,,,,,,
East Asia & Pacific (IDA & IBRD countries),29.7152629,28.0724465,32.56867663,30.703915,29.07292924,29.66243906,30.3757652,29.16046214,29.86545371,29.85603143,31.56870931,32.12342532,31.68634888,
Europe & Central Asia (IDA & IBRD countries),5.382168714,5.522088495,8.60291743,9.273660759,7.872293324,8.806537734,10.31162256,10.99037422,12.13293528,11.2226578,9.744084994,9.363865718,10.39560205,
Togo,,0.039613626,0.076542176,0.048432554,0.302255197,0.171441645,0.220281691,0.154375376,0.430004083,0.09980307,0.74055702,0.266495429,0.147649582,
Thailand,27.89899842,26.34128517,27.5067049,26.29237293,22.71110277,22.84198202,22.14121394,22.68617529,23.94521256,24.1869014,25.12417341,23.72269295,23.61064719,
Tajikistan,,,,,,,,,,,,,,
Turkmenistan,,,,,,,,,,,,,,
Latin America & the Caribbean (IDA & IBRD countries),,13.18938005,14.26960855,13.69893041,13.35187661,13.05260209,13.26295831,13.27005047,13.80481556,14.72680244,14.63624205,14.13732055,14.18218774,
Timor-Leste,,,,,,,,,,,,,,
Middle East & North Africa (IDA & IBRD countries),,,,,3.141284955,,,,2.083907096,2.136939012,2.252229846,,,
Tonga,,,1.09134111,0.038762918,0.07884325,6.630684691,5.973503093,2.696506088,,,,,,
South Asia (IDA & IBRD),,,8.360391493,6.937177599,6.947837763,6.816393752,7.78877275,8.471228041,6.865746724,7.063714222,6.857583095,8.736968496,9.894824409,
Sub-Saharan Africa (IDA & IBRD countries),,,,3.523868636,4.203991035,5.036336956,4.802119599,4.98710593,7.878867715,6.280392685,6.595596795,4.569385009,3.870510316,
Trinidad and Tobago,1.604635611,0.774398407,0.259351813,0.092252728,0.123158048,0.762964138,0.181789479,0.136127589,0.137844786,,,,,
Tunisia,,5.606503597,6.85508417,8.006293808,8.326128465,7.057662263,6.458873599,6.765407908,7.785447378,7.930065621,7.389962485,6.797048517,6.885865649,
Turkey,2.172191965,1.857103725,2.023809682,2.200943062,2.115045777,2.164143057,3.277001678,3.557398907,3.610654636,3.197307947,3.402770225,2.816013916,3.043544219,
Tuvalu,,,,,,,,,,,,,,
Tanzania,,2.23014988,3.482623806,3.866558456,5.902994821,11.34277516,6.714585786,3.384020409,0.853175014,2.319270394,2.559571657,6.891609053,,
Uganda,,1.48889549,1.305182037,2.570754844,22.55284519,21.88364964,2.107997372,2.678430137,2.297024304,2.046649447,2.053875668,3.530151591,,2.102593394
Ukraine,,,,,5.069675872,7.033270678,6.853414779,7.691961601,8.7462997,7.409918601,6.438007168,5.578933779,,
Upper middle income,20.14035346,18.8437929,23.286315,23.38084047,21.70406952,22.16416293,23.08414796,22.69438978,23.95490213,23.7939695,23.79597435,23.77404197,23.81373624,
Uruguay,3.678288222,5.328904091,6.360343323,7.260326909,6.697487371,9.903988677,9.228398711,8.553454711,14.74248759,10.59605342,8.491142633,7.621977974,8.191826777,
United States,30.37322923,28.85784981,24.86777418,23.001461,20.98457948,20.55940432,20.52684609,20.86079735,21.75986712,22.72374714,19.5199017,18.74174054,18.93354799,19.75239403
Uzbekistan,,,,,,,,,,,1.611452236,0.464918974,0.725248058,1.56866082
St. Vincent and the Grenadines,,,0.819113296,0.155865233,0.026135304,0.050756063,0.214005,0.046039138,,0.003988753,0.000819764,0.001089288,9.926151019,
"Venezuela, RB",,,,,,,,,,,,,,
British Virgin Islands,,,,,,,,,,,,,,
Virgin Islands (U.S.),,,,,,,,,,,,,,
Vietnam,,8.829579032,10.52367722,13.12845176,18.81052406,27.16079684,33.59562197,32.05589553,36.36841281,38.05584795,41.73807003,40.75124077,40.43606065,
Vanuatu,,,,,,,,,,,,,,
World,20.41333844,19.50288755,21.18521857,20.75814753,18.90346904,18.84500251,19.1850749,18.9765514,19.95435884,20.05007829,20.52726782,20.52669011,21.04089828,
Samoa,,,0.573530825,1.270792386,1.030545546,0.301258665,0.695837344,1.976740084,0.814942122,1.018478814,1.394586109,3.095229539,2.279035222,
Kosovo,,,,,,,,,,,,,,
"Yemen, Rep.",,,0.579934003,0.572957491,0.665766124,0.673180158,3.301955175,1.450963852,8.016892182,,,,,
South Africa,5.954104058,5.482520236,5.915976686,6.23054382,6.20210557,6.685170637,6.524672378,6.662134573,7.420193549,6.657803321,5.679586456,5.287441295,4.894529683,5.628044981
Zambia,,1.437535833,1.456437465,0.756216108,1.735641026,3.97659305,2.248590388,1.69861411,6.786930823,27.41333278,4.109835547,2.002261683,2.313785373,1.366546222
Zimbabwe,,14.36418329,2.794786,1.950834496,2.781006711,6.219149744,2.952924567,1.464182709,3.28237683,5.168145724,2.591861149,2.065818145,4.954689112,
