Year,Country,Price To Income Ratio,Gross Rental Yield City Centre,Gross Rental Yield Outside of Centre,Price To Rent Ratio City Centre,Price To Rent Ratio Outside Of City Centre,Mortgage As A Percentage Of Income,Affordability Index
2009,Romania,30.29,3.8,3.81,26.32,26.28,,
2009,Latvia,27.08,3.39,2.24,29.52,44.68,,
2009,Ukraine,24.13,4.31,3.66,23.23,27.31,446.84,0.22
2009,Poland,23.9,2.87,2.78,34.9,36,,
2009,Russia,23.73,3.88,3.19,25.74,31.34,,
2009,Lithuania,22.5,2.73,2.35,36.59,42.48,,
2009,Philippines,21.95,3.58,3.84,27.97,26.05,,
2009,South Korea,21.29,1.29,1.32,77.27,75.58,168.58,0.59
2009,Hong Kong,21.19,2.24,3.78,44.6,26.43,,
2009,Thailand,19.75,3.81,3.34,26.22,29.95,,
2009,Bulgaria,15.91,3.97,4.97,25.19,20.1,,
2009,Serbia,15.9,3.23,3.84,30.95,26.04,196.89,0.51
2009,Slovenia,15.2,3.29,3.36,30.36,29.79,,
2009,Slovakia,15.1,4.13,3.43,24.19,29.13,,
2009,China,15.01,4.28,4.4,23.37,22.72,,
2009,Czech Republic,14.89,3.55,3.53,28.15,28.33,149.44,0.67
2009,United Kingdom,14.73,1.71,2.32,58.62,43.02,121.63,0.82
2009,Singapore,14.35,4.45,5.69,22.45,17.58,,
2009,Bosnia And Herzegovina,14.17,3.13,3.58,31.91,27.93,164.05,0.61
2009,Estonia,14.08,2.5,1.87,40.03,53.57,141.33,0.71
2009,Hungary,13.89,3.21,3.59,31.16,27.88,,
2009,Israel,12.4,4,4.65,25,21.52,,
2009,Greece,11.92,3.28,2.95,30.51,33.89,110.91,0.9
2009,France,11.75,3.08,3.95,32.44,25.32,93.05,1.07
2009,Italy,11.31,4.25,3.83,23.52,26.08,,
2009,Spain,10.9,2.34,2.79,42.66,35.85,,
2009,Malaysia,10.53,4.21,4.97,23.77,20.11,,
2009,Japan,10.5,2.17,3.24,46.09,30.82,,
2009,Indonesia,10.32,8.26,9,12.1,11.11,88.7,1.13
2009,Argentina,10.04,3.12,3.72,32.1,26.87,,
2009,United Arab Emirates,9.74,4.26,5.82,23.47,17.18,,
2009,United States,8.9,2.37,3.83,42.13,26.12,69.73,1.43
2009,Ireland,8.25,3.62,3.77,27.65,26.55,76.8,1.3
2009,Finland,8.22,3.11,3.97,32.14,25.21,,
2009,Portugal,7.75,3.81,3.71,26.28,26.95,,
2009,India,7.69,3.59,4.43,27.83,22.56,77.14,1.3
2009,Canada,7.09,5,5.61,19.99,17.83,57.3,1.75
2009,Brazil,6.96,6.42,6.81,15.57,14.68,,
2009,Netherlands,6.53,6.19,5.65,16.17,17.69,49.57,2.02
2009,Peru,6.52,6.06,6.12,16.5,16.33,,
2009,Australia,6.52,2.75,3.19,36.43,31.35,,
2009,Switzerland,6.43,5.07,4.94,19.74,20.24,,
2009,Mexico,6.02,6.44,7.28,15.53,13.74,,
2009,Bahrain,5.74,14.4,14.22,6.94,7.03,,
2009,Norway,5.56,3.16,3.55,31.63,28.17,,
2009,Jordan,5.36,10.67,12.53,9.38,7.98,59.92,1.67
2009,Turkey,5.35,10.76,9.76,9.29,10.25,,
2009,Sweden,5.34,2.71,3.21,36.95,31.2,,
2009,Austria,5.23,6,5.61,16.66,17.84,42.78,2.34
2009,Belgium,4.28,7.75,7,12.9,14.29,,
2009,Cyprus,4.23,4.39,4.65,22.76,21.52,,
2009,Chile,4.06,10.46,5.93,9.56,16.85,,
2009,Germany,3.76,4.15,3.97,24.11,25.21,29.75,3.36
2010,Morocco,67.5,5.8,5.81,17.24,17.22,13500,0.01
2010,Pakistan,40.63,0.88,2.25,113.52,44.38,752.44,0.13
2010,Belarus,40,7.53,3.19,13.27,31.36,704.06,0.14
2010,Montenegro,30,1.25,1.47,79.79,67.82,323.9,0.31
2010,Russia,28.58,3.38,3.71,29.55,26.94,383.6,0.26
2010,Romania,24.28,5.02,4.41,19.92,22.67,333.12,0.3
2010,Lithuania,20.84,3.38,2.64,29.62,37.83,596.14,0.17
2010,Serbia,18.8,2.84,3.6,35.23,27.77,232.86,0.43
2010,Latvia,18.33,4.04,2.61,24.76,38.3,212.3,0.47
2010,Ukraine,17.37,4.55,5.34,22,18.73,300.44,0.33
2010,China,17.13,4.75,4.99,21.07,20.06,131.14,0.76
2010,Spain,16.67,2.73,3.38,36.63,29.59,114.86,0.87
2010,Hungary,16.48,3.56,3.93,28.12,25.47,165.45,0.6
2010,South Korea,16.29,2.21,1.37,45.18,72.77,182.18,0.55
2010,Thailand,15.96,5.9,5.36,16.96,18.67,160.18,0.62
2010,Indonesia,15.84,8.26,9,12.1,11.11,136.2,0.73
2010,Paraguay,15.56,4.65,3.27,21.49,30.59,468.06,0.21
2010,Albania,15.38,2.51,4.96,39.82,20.16,121.84,0.82
2010,Bosnia And Herzegovina,15.28,1.77,2.54,56.45,39.37,176.92,0.57
2010,Slovakia,15.1,4.13,3.43,24.19,29.13,114.64,0.87
2010,Czech Republic,14.89,3.66,3.33,27.31,30.03,149.44,0.67
2010,Iran,14.58,7.52,8.65,13.31,11.56,184.62,0.54
2010,Singapore,14.35,3.54,3.69,28.27,27.08,89.17,1.12
2010,Italy,14.34,3.35,4.25,29.87,23.56,119.87,0.83
2010,Estonia,14.08,2.5,1.86,40.03,53.84,141.33,0.71
2010,Bulgaria,13.87,5.08,5.24,19.69,19.09,159.83,0.63
2010,Japan,13.61,2.01,2.65,49.87,37.8,75.09,1.33
2010,Poland,13.58,4.31,3.92,23.2,25.52,123.07,0.81
2010,Croatia,12.73,3.52,4.08,28.41,24.52,123.04,0.81
2010,France,12.68,2.86,3.24,35,30.89,100.44,1
2010,Greece,12.22,3.19,2.78,31.34,36,113.72,0.88
2010,United Kingdom,12.03,2.83,2.69,35.35,37.21,97.93,1.02
2010,Argentina,11.82,3.94,5.48,25.38,18.26,661.87,0.15
2010,Portugal,11.57,3.76,3.55,26.63,28.15,66.34,1.51
2010,Malaysia,11.27,2.3,3.75,43.49,26.69,81.92,1.22
2010,India,11.02,3.84,3.77,26.05,26.53,120.72,0.83
2010,Jordan,10.92,8.95,9.34,11.17,10.71,115.82,0.86
2010,Israel,10.88,4.2,7.74,23.81,12.93,75.72,1.32
2010,Sri Lanka,9.82,5.4,7.35,18.51,13.61,91.37,1.09
2010,Colombia,9.52,4.19,5.89,23.85,16.99,212.24,0.47
2010,United Arab Emirates,8.61,5.9,7.91,16.95,12.64,89.71,1.11
2010,Norway,8.13,3.92,4.34,25.49,23.06,61.71,1.62
2010,Denmark,8,5,4.71,19.99,21.21,60.72,1.65
2010,Ireland,7.66,3.77,3.83,26.54,26.09,71.3,1.4
2010,Venezuela,7.64,11.83,13.76,8.45,7.27,100.92,0.99
2010,Mexico,7.43,6.33,5.48,15.81,18.26,230.8,0.43
2010,Kyrgyzstan,7.19,10.25,16.19,9.76,6.18,101.05,0.99
2010,Peru,6.72,8.67,7.43,11.54,13.46,202.09,0.49
2010,Netherlands,6.5,5.91,5.38,16.93,18.58,50.39,1.98
2010,Australia,6.3,3.07,4.8,32.56,20.82,58.06,1.72
2010,Brazil,6.29,5.39,6.85,18.55,14.59,64.03,1.56
2010,Finland,6.22,3.28,4.26,30.52,23.48,42.33,2.36
2010,Canada,6.2,4.58,5.33,21.81,18.77,48.07,2.08
2010,Ecuador,5.8,10.38,9.96,9.64,10.04,74.26,1.35
2010,Bahrain,5.74,14.4,14.22,6.94,7.03,59.79,1.67
2010,Turkey,5.56,6.47,5.9,15.46,16.94,75.85,1.32
2010,Switzerland,5.41,4.56,4.47,21.94,22.37,39.34,2.54
2010,Austria,5.23,6,5.61,16.66,17.84,42.78,2.34
2010,Cyprus,5.13,4.35,4.18,23,23.94,38.94,2.57
2010,South Africa,5.1,12.27,7.19,8.15,13.91,57.08,1.75
2010,Bangladesh,5.03,5.56,9.39,18,10.65,75.1,1.33
2010,Honduras,4.76,11.6,9.4,8.62,10.64,62.92,1.59
2010,Germany,4.32,4.54,4.14,22.02,24.18,30.74,3.25
2010,Belgium,4.28,7.75,7,12.9,14.29,33.86,2.95
2010,Sweden,4.19,3.4,4.32,29.38,23.17,33.85,2.95
2010,Chile,4.06,10.46,5.93,9.56,16.85,50.34,1.99
2010,Dominican Republic,3.54,11.27,11.62,8.88,8.61,49.79,2.01
2011,Ethiopia,43.75,28.64,19.09,3.49,5.24,472.36,0.21
2011,Lebanon,34,4.99,6.06,20.04,16.5,354.07,0.28
2011,Russia,33.8,3.48,3.84,28.73,26.07,467.02,0.21
2011,Montenegro,30,3.34,3.79,29.96,26.41,323.9,0.31
2011,Algeria,30,3.44,3.48,29.1,28.74,279.11,0.36
2011,China,29.59,3.98,4.05,25.16,24.71,221.66,0.45
2011,Hong Kong,29.25,3.17,2.8,31.51,35.67,184.3,0.54
2011,Monaco,27.5,5.26,2.41,19.01,41.53,217.79,0.46
2011,Tunisia,24.8,1.61,1.95,61.99,51.36,338.17,0.3
2011,Lithuania,24.03,3.32,2.99,30.08,33.49,484.31,0.21
2011,Czech Republic,22.43,2.38,3.45,42.04,28.97,178.89,0.56
2011,Thailand,22.07,6.12,7.63,16.34,13.11,197.43,0.51
2011,Serbia,21.27,3.22,3.61,31.05,27.73,239.62,0.42
2011,South Korea,20.82,1.39,1.27,71.76,78.72,163.17,0.61
2011,Moldova,20.35,5.81,4.92,17.21,20.34,522.17,0.19
2011,Albania,20.08,1.84,4.75,54.24,21.07,194.15,0.52
2011,Taiwan,19.86,1.39,1.96,72.13,50.95,115.77,0.86
2011,Trinidad And Tobago,19.57,3.99,5.98,25.09,16.72,292.04,0.34
2011,Kazakhstan,18.75,8,11.77,12.49,8.49,279.79,0.36
2011,Egypt,18.39,9.94,8.45,10.06,11.84,171.05,0.58
2011,Morocco,18.32,4.95,5.74,20.19,17.42,188.5,0.53
2011,Ukraine,18.05,5.63,5.07,17.75,19.72,322.35,0.31
2011,Pakistan,17.79,3.47,3.94,28.83,25.39,330.66,0.3
2011,Indonesia,17.49,10.08,9.05,9.92,11.05,150.37,0.67
2011,Singapore,17.13,3.76,4.14,26.62,24.16,108.26,0.92
2011,Belarus,16.96,6.27,4.32,15.94,23.13,325.97,0.31
2011,Romania,16.38,4.13,4.22,24.2,23.69,180.83,0.55
2011,Armenia,15.77,12.4,8.24,8.07,12.13,214.94,0.47
2011,Paraguay,15.06,4.74,3.38,21.11,29.6,321.35,0.31
2011,Latvia,14.17,4.7,3.33,21.29,30.05,124.81,0.8
2011,Spain,13.29,3.35,4.03,29.82,24.8,92.68,1.08
2011,Bosnia And Herzegovina,12.79,2.22,3.14,45.06,31.83,130.82,0.76
2011,Slovenia,12.76,4.18,3.57,23.9,28,114.2,0.88
2011,Sri Lanka,12.59,8.38,10.27,11.93,9.74,131.1,0.76
2011,Poland,12.42,3.66,3.74,27.34,26.73,110.25,0.91
2011,Vietnam,12.34,6.31,10.45,15.85,9.57,136.39,0.73
2011,Italy,12.22,3.38,4.12,29.54,24.28,95.84,1.04
2011,Iran,12.06,5.77,6.8,17.32,14.7,193.21,0.52
2011,Greece,12.04,3.21,3.3,31.13,30.34,96.55,1.04
2011,Syria,12,6.54,9.15,15.29,10.93,120.45,0.83
2011,Hungary,12,4.69,4.91,21.33,20.38,113.81,0.88
2011,France,11.88,2.96,3.24,33.73,30.86,88.88,1.13
2011,North Macedonia,11.29,4.29,4.24,23.31,23.59,121.87,0.82
2011,Bulgaria,11.08,5.55,5.52,18.02,18.12,129.21,0.77
2011,Mongolia,10.93,8.5,7.57,11.77,13.21,172.65,0.58
2011,Croatia,10.87,3.74,3.64,26.76,27.49,101.05,0.99
2011,Slovakia,10.64,4.09,4.86,24.45,20.58,86.03,1.16
2011,Estonia,10.5,2.9,3.03,34.47,33.04,105.4,0.95
2011,Japan,10.41,3.09,3.69,32.37,27.08,59.11,1.69
2011,Portugal,10.19,5.11,6.12,19.56,16.35,69.99,1.43
2011,Kenya,10,9.05,9.35,11.06,10.69,180.59,0.55
2011,Azerbaijan,9.98,12.03,20.73,8.31,4.82,184.89,0.54
2011,Argentina,9.57,4.89,5.4,20.44,18.51,265.33,0.38
2011,El Salvador,9.49,4.93,5.62,20.3,17.8,95.26,1.05
2011,India,9.46,3.51,4.15,28.5,24.1,110.38,0.91
2011,Iraq,9.42,6.51,7.66,15.37,13.06,165.78,0.6
2011,Venezuela,9.41,8.89,17.18,11.24,5.82,239.88,0.42
2011,Jordan,9.28,7.26,8.26,13.78,12.1,92.29,1.08
2011,Sweden,9.2,2.38,2.86,41.97,34.94,66.3,1.51
2011,Colombia,8.98,4.92,6.08,20.32,16.44,128.2,0.78
2011,Norway,8.26,3.87,3.79,25.84,26.36,63.1,1.58
2011,Ireland,8.19,4.47,4.91,22.37,20.37,76.21,1.31
2011,Kyrgyzstan,8.12,10.09,11.78,9.91,8.49,168.19,0.59
2011,Uzbekistan,8,7.59,6.73,13.17,14.86,140.81,0.71
2011,New Zealand,7.97,4.05,3.55,24.67,28.2,69.99,1.43
2011,Uruguay,7.95,7.79,4.89,12.84,20.45,73.61,1.36
2011,Finland,7.85,3.31,3.92,30.25,25.5,49.65,2.01
2011,Denmark,7.77,4.2,4.58,23.8,21.85,53.91,1.85
2011,Peru,7.55,9.1,8.13,10.99,12.3,130.56,0.77
2011,United Kingdom,7.4,4.62,4.84,21.63,20.67,55.98,1.79
2011,Brazil,7.37,5.55,6.42,18.01,15.58,83.59,1.2
2011,Afghanistan,7.29,7.01,5.09,14.27,19.64,364.6,0.27
2011,Panama,7.09,6.9,4.96,14.49,20.18,62.86,1.59
2011,Australia,6.94,4.16,4.5,24.04,22.22,65.34,1.53
2011,Philippines,6.89,7.05,7.66,14.19,13.05,149.08,0.67
2011,Ecuador,6.71,8.6,8.24,11.63,12.14,84.47,1.18
2011,Israel,6.7,4.64,6.8,21.54,14.7,47.03,2.13
2011,Austria,6.58,4.64,4.73,21.54,21.16,53.39,1.87
2011,Cyprus,6.56,4.31,4.4,23.19,22.73,51.91,1.93
2011,United Arab Emirates,6.42,7.34,8.88,13.62,11.26,75.61,1.32
2011,Bolivia,6.02,9.71,9.55,10.3,10.47,79.58,1.26
2011,Malta,5.9,3.58,5.6,27.9,17.86,41.03,2.44
2011,Belgium,5.89,4.77,4.24,20.96,23.59,46.61,2.15
2011,Switzerland,5.82,3.94,4.61,25.36,21.71,38.24,2.62
2011,Malaysia,5.72,3.5,4.68,28.59,21.35,43.18,2.32
2011,Mexico,5.67,7.12,6.13,14.05,16.31,96.89,1.03
2011,Canada,5.64,5.38,5.59,18.58,17.89,42.91,2.33
2011,Netherlands,5.6,5.64,5.19,17.73,19.26,43.27,2.31
2011,Netherlands Antilles,5.56,8.65,7.49,11.56,13.35,51.73,1.93
2011,Costa Rica,5.43,6.23,26.2,16.05,3.82,85.18,1.17
2011,Bahrain,5.22,12.03,11.83,8.31,8.46,54.39,1.84
2011,Germany,5.09,4.26,4.92,23.5,20.32,36.93,2.71
2011,Dominican Republic,4.87,12.49,11.08,8.01,9.02,64.29,1.56
2011,Guatemala,4.73,12.86,12.17,7.77,8.21,51.02,1.96
2011,Luxembourg,4.68,3.18,5.55,31.43,18,28.96,3.45
2011,Turkey,4.53,9.38,7.82,10.67,12.78,57.26,1.75
2011,Bangladesh,4.19,6.42,7.51,15.57,13.32,62.53,1.6
2011,Puerto Rico,4.09,6.62,9.1,15.09,10.98,34.43,2.9
2011,Honduras,3.85,11.92,11.85,8.39,8.44,50.82,1.97
2011,South Africa,3.56,9.45,9.16,10.59,10.91,39.22,2.55
2011,Chile,3.48,10.81,10.31,9.25,9.7,30.99,3.23
2011,Iceland,2.99,10.86,9.83,9.21,10.17,55.32,1.81
2011,United States,2.82,10.01,12.54,9.99,7.97,22.86,4.38
2012,Indonesia,31.78,5.36,3.47,18.65,28.8,353.14,0.28
2012,Algeria,30.53,1.99,2.13,50.19,46.9,284.04,0.35
2012,China,29.78,3.55,3.2,28.17,31.28,247.49,0.4
2012,Monaco,27.5,5.26,2.41,19.01,41.53,217.79,0.46
2012,Tunisia,24.12,1.97,2.22,50.82,45,325.5,0.31
2012,Morocco,23.83,8.9,5.92,11.23,16.89,245.11,0.41
2012,Hong Kong,23.49,2.69,4.52,37.12,22.11,150.42,0.66
2012,Vietnam,21.57,7.52,9.19,13.3,10.88,325.71,0.31
2012,Belarus,21.51,4.12,3.75,24.3,26.65,413.22,0.24
2012,Serbia,19.46,3.35,3.31,29.82,30.23,213.92,0.47
2012,Montenegro,19.28,2.83,4.03,35.4,24.8,186.42,0.54
2012,Japan,18.89,2.11,2.15,47.42,46.42,111.14,0.9
2012,Lithuania,18.24,3.35,3.43,29.83,29.12,189.12,0.53
2012,Taiwan,17.87,1.67,2.36,60.01,42.33,105.62,0.95
2012,Ukraine,16.94,6.3,5.17,15.87,19.35,289.69,0.35
2012,Pakistan,16.68,3.57,3.46,27.99,28.93,306.78,0.33
2012,Singapore,16.6,3.53,4.61,28.35,21.69,106.28,0.94
2012,Syria,16.37,4.74,7.11,21.1,14.07,167.36,0.6
2012,Romania,15.49,4.1,4.37,24.38,22.9,162.79,0.61
2012,North Macedonia,15.47,3.45,3.7,28.98,27.01,183.81,0.54
2012,Moldova,15.47,5.45,4.82,18.35,20.75,334.8,0.3
2012,Thailand,15.46,5.3,5.59,18.87,17.88,128.32,0.78
2012,Mongolia,15.36,13.07,6.36,7.65,15.73,289.15,0.35
2012,Albania,15.34,2.48,3.95,40.3,25.3,155.37,0.64
2012,Nigeria,15.19,3.22,9.37,31.08,10.67,281.38,0.36
2012,Kazakhstan,15,9.93,9.11,10.07,10.98,223.83,0.45
2012,Slovenia,14.2,3.25,3.57,30.77,28.02,119.65,0.84
2012,Russia,14,4.83,4.97,20.69,20.13,199.68,0.5
2012,Armenia,13.72,9.95,8.02,10.05,12.48,185.08,0.54
2012,Colombia,13.41,5.73,6.14,17.46,16.3,196.43,0.51
2012,Brazil,13.39,5.54,5.84,18.05,17.13,161.54,0.62
2012,Azerbaijan,13.09,9.24,17.48,10.82,5.72,162.13,0.62
2012,Iran,12.9,5.43,6.78,18.41,14.74,224.48,0.45
2012,Trinidad And Tobago,12.85,3.72,5.35,26.89,18.68,148.83,0.67
2012,Uruguay,12.46,8.21,5.77,12.18,17.32,144.27,0.69
2012,Poland,12.37,3.77,4.08,26.53,24.48,107.49,0.93
2012,Paraguay,12.21,5.28,3.4,18.95,29.45,151.19,0.66
2012,Croatia,12.15,2.92,3.25,34.25,30.74,112.21,0.89
2012,Italy,12.06,3.33,4.09,30.06,24.45,92.81,1.08
2012,Iraq,12.01,4.59,6.98,21.79,14.34,211.39,0.47
2012,Argentina,11.97,5.18,5.06,19.32,19.77,255.32,0.39
2012,South Korea,11.65,2.42,2.45,41.29,40.73,88.43,1.13
2012,Hungary,11.5,4.38,4.36,22.82,22.91,113.5,0.88
2012,Egypt,11.44,7.98,8.07,12.54,12.39,109.2,0.92
2012,Latvia,11.17,4.67,4.41,21.4,22.69,78.92,1.27
2012,El Salvador,11.14,4.68,5.66,21.39,17.66,120.26,0.83
2012,Czech Republic,10.86,4.19,4.38,23.85,22.84,78.43,1.27
2012,Greece,10.77,3.41,3.64,29.28,27.48,85.7,1.17
2012,Bulgaria,10.76,5.63,6,17.75,16.67,114.06,0.88
2012,Bosnia And Herzegovina,10.67,3.03,3.53,32.99,28.35,99.25,1.01
2012,France,10.59,2.89,3.16,34.54,31.66,77.98,1.28
2012,Georgia,10.43,7.44,6.91,13.45,14.47,174.11,0.57
2012,Estonia,10.27,3.81,4.35,26.22,22.99,103.12,0.97
2012,Israel,9.9,3.34,4.74,29.98,21.07,71.36,1.4
2012,India,9.85,3.25,3.9,30.81,25.64,119.78,0.83
2012,Spain,9.81,3.09,3.7,32.39,27,70.08,1.43
2012,Ecuador,9.77,8.3,7.83,12.05,12.76,120.01,0.83
2012,Slovakia,9.41,7.19,6.43,13.91,15.55,76.57,1.31
2012,Chile,9.4,5.46,5.88,18.31,17.01,75.46,1.33
2012,Afghanistan,8.93,6.24,5.24,16.03,19.1,295.08,0.34
2012,Bangladesh,8.92,3.55,9.76,28.17,10.24,129.25,0.77
2012,Peru,8.82,8.38,6.68,11.93,14.98,99.79,1
2012,Finland,8.77,3.36,3.81,29.77,26.24,55.84,1.79
2012,Panama,8.76,10.91,8.1,9.16,12.35,75.16,1.33
2012,Sweden,8.4,2.78,3.31,36.03,30.2,59.84,1.67
2012,Jordan,8.03,5.92,6.45,16.88,15.5,86.71,1.15
2012,Portugal,7.66,6.11,6.69,16.38,14.94,55.39,1.81
2012,Mozambique,7.53,7.56,2.93,13.23,34.16,160.66,0.62
2012,Philippines,7.53,9.23,9.97,10.83,10.03,116.62,0.86
2012,Norway,7.5,4.18,4.35,23.93,22.99,55.86,1.79
2012,Cyprus,7.25,4,3.91,25,25.55,61.99,1.61
2012,Sri Lanka,7.21,11.77,9.21,8.5,10.86,79.94,1.25
2012,Ethiopia,7.19,15.65,12.65,6.39,7.9,83.28,1.2
2012,Australia,6.95,5.02,5.11,19.92,19.58,65.53,1.53
2012,Austria,6.85,4.2,4.38,23.81,22.86,53.24,1.88
2012,Switzerland,6.84,3.55,4,28.16,24.97,43.73,2.29
2012,United Kingdom,6.82,4.96,5.63,20.14,17.77,51.86,1.93
2012,Guatemala,6.61,10.36,8.93,9.65,11.2,71.33,1.4
2012,Bolivia,6.58,7.52,6.56,13.3,15.25,85.02,1.18
2012,Kenya,6.55,5.83,5.24,17.15,19.1,118.32,0.85
2012,Denmark,6.48,4.02,4.84,24.86,20.67,43.41,2.3
2012,Netherlands,6.17,5.41,5.71,18.5,17.5,47.74,2.09
2012,Belgium,6.05,5.02,5.06,19.93,19.76,47.03,2.13
2012,Malta,5.94,3.06,5.21,32.64,19.18,41.9,2.39
2012,Ireland,5.92,5.09,6.55,19.64,15.27,48.66,2.06
2012,New Zealand,5.72,5.7,5.27,17.55,18.96,50.31,1.99
2012,Turkey,5.62,6.88,7.89,14.53,12.68,72.42,1.38
2012,Qatar,5.59,4.49,9.46,22.29,10.57,48.07,2.08
2012,Netherlands Antilles,5.56,8.65,7.49,11.56,13.35,51.73,1.93
2012,Dominican Republic,5.44,10.7,12.4,9.35,8.07,88.96,1.12
2012,Luxembourg,5.38,3.94,5.3,25.41,18.87,33.3,3
2012,Germany,5.21,4.24,4.87,23.57,20.55,38.36,2.61
2012,Namibia,5.2,6.79,13.26,14.72,7.54,64.98,1.54
2012,Mexico,5.17,7.04,6.99,14.2,14.31,70.77,1.41
2012,Canada,5.14,5.6,6.14,17.87,16.28,38.59,2.59
2012,Jamaica,5.13,15.8,19.59,6.33,5.11,67.73,1.48
2012,United Arab Emirates,4.88,8.54,10.18,11.71,9.82,53.79,1.86
2012,Fiji,4.78,15.47,16.84,6.46,5.94,48.02,2.08
2012,Puerto Rico,4.72,6.38,9.16,15.67,10.91,39.68,2.52
2012,Malaysia,4.6,6.36,4.91,15.73,20.35,36.28,2.76
2012,Iceland,4.16,8.97,7.4,11.15,13.52,63.82,1.57
2012,Bahrain,3.98,15.29,14.17,6.54,7.06,39.98,2.5
2012,Nicaragua,3.75,10.88,13.3,9.19,7.52,43.43,2.3
2012,Saudi Arabia,3.53,5.84,6.12,17.12,16.34,32.22,3.1
2012,South Africa,3.17,9.48,9.26,10.55,10.8,34.8,2.87
2013,Georgia,40.64,2.35,2.01,42.51,49.87,571.3,0.18
2013,Cambodia,35.94,2.7,2.95,37.1,33.87,445.13,0.22
2013,Singapore,25.38,3.61,4,27.68,24.98,162.85,0.61
2013,China,25,3.43,3.42,29.19,29.26,214.93,0.47
2013,Indonesia,24.76,5.37,3.5,18.61,28.59,267.29,0.37
2013,Belarus,24.17,4,4.17,25.02,24.01,568.48,0.18
2013,Hong Kong,23.65,2.86,3.42,34.93,29.26,150.36,0.67
2013,Mauritius,23.38,3.07,2.25,32.55,44.52,243.52,0.41
2013,Venezuela,23.23,8.39,7.48,11.92,13.37,356.82,0.28
2013,Ghana,22.92,7.72,6.29,12.96,15.9,577.01,0.17
2013,Syria,22.9,5.05,8.34,19.81,11.99,247.26,0.4
2013,Azerbaijan,20.95,7.78,11.25,12.86,8.89,210.31,0.48
2013,Morocco,19.83,5.03,5.68,19.9,17.62,199.02,0.5
2013,Nepal,19.79,1.44,2.07,69.51,48.33,229.23,0.44
2013,Moldova,18.84,4.9,5.54,20.43,18.06,272.97,0.37
2013,Lebanon,18.41,4.25,5.33,23.53,18.76,158.31,0.63
2013,Pakistan,18.34,3.32,3.67,30.12,27.24,318.58,0.31
2013,Thailand,17.67,5.62,4.45,17.79,22.49,151.88,0.66
2013,Serbia,17.4,3.15,3.46,31.76,28.94,174.6,0.57
2013,North Macedonia,17.25,3.34,3.61,29.9,27.68,199.78,0.5
2013,Algeria,17.18,2.38,2.67,42.05,37.51,159.84,0.63
2013,Philippines,16.35,5.13,4.03,19.5,24.79,202.55,0.49
2013,Ukraine,15.52,5.52,5.31,18.13,18.82,273.26,0.37
2013,Iran,15.51,5.35,6.17,18.68,16.2,287.33,0.35
2013,Taiwan,15.51,1.59,6.59,62.83,15.17,94.18,1.06
2013,Montenegro,15.12,3.03,3.71,33.02,26.96,163.3,0.61
2013,Albania,15.04,3.27,5.64,30.56,17.73,145.38,0.69
2013,Colombia,14.89,4.83,4.93,20.72,20.27,196.69,0.51
2013,Ethiopia,14.47,22.69,12.89,4.41,7.76,179.27,0.56
2013,Romania,14.33,4.82,4.66,20.74,21.48,143.87,0.7
2013,Vietnam,13.77,8.17,8.49,12.24,11.77,205.55,0.49
2013,Lithuania,13.67,3.82,3.94,26.19,25.37,117.52,0.85
2013,Brazil,13.33,4.8,4.95,20.83,20.22,157.06,0.64
2013,Ecuador,13.33,7.59,6.93,13.17,14.43,143.96,0.69
2013,Sri Lanka,13.05,9.01,4.25,11.1,23.55,161.63,0.62
2013,Peru,13.04,4.16,4.85,24.05,20.6,145.9,0.69
2013,Croatia,13,2.95,2.88,33.87,34.77,120.95,0.83
2013,Poland,13,3.95,4.82,25.29,20.74,111.76,0.89
2013,Kazakhstan,12.81,7.81,8.38,12.81,11.93,199.64,0.5
2013,Italy,12.59,3.05,3.83,32.74,26.12,99.7,1
2013,Tunisia,12.22,4.04,7.62,24.77,13.12,136.71,0.73
2013,Slovenia,12.1,3.81,3.87,26.25,25.82,100.88,0.99
2013,Russia,12,6.55,6.43,15.28,15.55,168.71,0.59
2013,Nigeria,11.8,4.14,6.64,24.18,15.07,224.09,0.45
2013,Bosnia And Herzegovina,11.7,2.69,3.31,37.17,30.24,108.83,0.92
2013,Greece,11.56,3.16,3.51,31.61,28.49,91.57,1.09
2013,Uruguay,11.54,6.9,5.68,14.5,17.59,148.39,0.67
2013,Trinidad And Tobago,11.53,8.43,5.3,11.87,18.88,120.03,0.83
2013,South Korea,11.52,2.22,2.71,45.09,36.85,91.22,1.1
2013,Egypt,11.16,6.3,7.17,15.88,13.95,124.84,0.8
2013,Bangladesh,11.11,4.44,4.16,22.53,24.04,185.44,0.54
2013,Dominican Republic,11.04,6.62,7.73,15.1,12.93,184.27,0.54
2013,Iraq,10.75,7.72,7.48,12.95,13.36,189.22,0.53
2013,Hungary,10.71,3.89,4.08,25.72,24.51,107.54,0.93
2013,Czech Republic,10.33,4.67,4.46,21.43,22.41,75.11,1.33
2013,Israel,10.32,3.91,4.11,25.61,24.31,75.01,1.33
2013,Panama,10.31,10.18,9.51,9.83,10.52,88.66,1.13
2013,Argentina,10.23,4.51,5.35,22.19,18.71,208.58,0.48
2013,Bulgaria,10.22,5.44,5.6,18.38,17.86,102.61,0.97
2013,Latvia,10,5.09,4.58,19.64,21.83,72.72,1.38
2013,India,9.96,3.18,3.58,31.49,27.9,123.35,0.81
2013,Spain,9.45,3.38,4.31,29.62,23.21,68.71,1.46
2013,Kenya,9.42,7.12,7.27,14.04,13.76,165.75,0.6
2013,Finland,9.38,3.32,4.04,30.11,24.77,59.61,1.68
2013,Estonia,9.26,4.46,4.5,22.43,22.22,61.62,1.62
2013,Chile,9.25,5.44,4.82,18.4,20.75,79.52,1.26
2013,Bolivia,8.77,6.75,5.97,14.81,16.74,81.59,1.23
2013,Jordan,8.54,7.57,6.13,13.2,16.3,87.34,1.14
2013,Austria,8.46,3.76,4.58,26.63,21.83,61.49,1.63
2013,Sweden,8.44,2.68,3.67,37.33,27.25,61.22,1.63
2013,France,8.38,3.44,4.04,29.1,24.75,60.9,1.64
2013,Australia,8.12,4.64,5.31,21.53,18.84,74.43,1.34
2013,Portugal,8.01,6.11,6.6,16.37,15.15,58.27,1.72
2013,Slovakia,7.86,8.24,6.33,12.14,15.8,62.22,1.61
2013,Malta,7.34,3.2,5.24,31.28,19.08,51.11,1.96
2013,Norway,7.15,4.58,4.86,21.84,20.57,51.97,1.92
2013,Japan,6.99,4.75,5.85,21.07,17.1,42.42,2.36
2013,Denmark,6.97,4.02,4.45,24.89,22.49,49.42,2.02
2013,Belgium,6.75,5.15,4.49,19.4,22.25,49.83,2.01
2013,United Kingdom,6.73,5.77,5.18,17.34,19.3,51.12,1.96
2013,Luxembourg,6.72,4.95,5.02,20.19,19.93,42.12,2.37
2013,Malaysia,6.71,6.09,4.17,16.41,24.01,53.16,1.88
2013,New Zealand,6.4,6.73,6.01,14.87,16.65,55.04,1.82
2013,Costa Rica,6.35,7.91,11.45,12.64,8.73,86.52,1.16
2013,Netherlands,6.31,5.84,6.33,17.11,15.81,48.29,2.07
2013,Cyprus,6.25,6.07,4.54,16.47,22.05,53.73,1.86
2013,Switzerland,6.2,4.23,4.17,23.66,24.01,37.8,2.65
2013,Turkey,6.19,6.46,7.21,15.48,13.87,81.79,1.22
2013,Iceland,5.97,7.89,6.89,12.67,14.51,59.9,1.67
2013,Kuwait,5.92,7.44,5.92,13.44,16.9,46.87,2.13
2013,Jamaica,5.77,10.85,12.98,9.21,7.7,96.31,1.04
2013,Mexico,5.65,6.36,6.63,15.71,15.08,74.65,1.34
2013,Qatar,5.5,6.8,8.85,14.71,11.3,43.54,2.3
2013,Ireland,5.27,5.98,6.32,16.73,15.81,40.59,2.46
2013,Canada,5.08,5.58,6.47,17.93,15.45,36.64,2.73
2013,Germany,4.78,5,5.55,20,18.01,34.73,2.88
2013,United Arab Emirates,4.21,9.62,10.12,10.4,9.88,39.16,2.55
2013,Puerto Rico,4.05,6.48,7.89,15.44,12.68,34.8,2.87
2013,Bahrain,3.47,11.83,10.51,8.46,9.51,35.52,2.82
2013,South Africa,3.21,8.94,8.31,11.19,12.04,34.64,2.89
2013,Saudi Arabia,3.11,6.1,5.15,16.39,19.4,22.59,4.43
2013,Oman,3.01,9.39,10.25,10.65,9.75,27.98,3.57
2014,El Salvador,42.41,3.51,1,28.48,100,596.27,0.17
2014,Georgia,32.31,5.32,1.79,18.8,55.85,450.31,0.22
2014,Syria,29.11,3.94,4.31,25.4,23.2,317.54,0.31
2014,Hong Kong,27.06,3.02,3.17,33.16,31.51,174.02,0.57
2014,China,26.13,2.89,3.22,34.57,31.02,226.14,0.44
2014,Uganda,23.03,2.33,12.19,42.97,8.2,297.87,0.34
2014,Singapore,22.59,3.83,4.22,26.11,23.7,142.16,0.7
2014,Nepal,21.28,1.97,2.71,50.73,36.83,253.71,0.39
2014,Iran,20.63,5.04,5.62,19.86,17.8,440.04,0.23
2014,Ghana,20.41,11.56,13.25,8.65,7.54,503.91,0.2
2014,Venezuela,20.19,8.64,7.65,11.58,13.07,296.96,0.34
2014,Armenia,19.28,5.61,5.8,17.81,17.25,279.29,0.36
2014,Thailand,19.07,4.73,3.85,21.12,26.01,166.13,0.6
2014,Indonesia,18.79,5.77,5.2,17.32,19.22,200.47,0.5
2014,Philippines,18.78,3.65,3.31,27.42,30.2,220.91,0.45
2014,Algeria,18.61,3.17,4.37,31.56,22.89,151.12,0.66
2014,Ethiopia,18.57,12.83,11.76,7.79,8.51,237.63,0.42
2014,Lebanon,18.3,3.96,6,25.23,16.67,155.77,0.64
2014,Cambodia,18.24,9.16,6.35,10.92,15.74,214.1,0.47
2014,Vietnam,17.78,5.59,6.85,17.9,14.6,237.72,0.42
2014,Moldova,17.73,5.35,5.58,18.71,17.92,271.29,0.37
2014,Morocco,17.57,5.47,4.41,18.28,22.69,155.11,0.64
2014,Taiwan,17.33,1.59,2.53,63.02,39.52,105.33,0.95
2014,Serbia,16.86,3.05,3.33,32.84,30.04,160.94,0.62
2014,Belarus,16.81,4.71,5.13,21.24,19.47,556.65,0.18
2014,Azerbaijan,16.59,8.74,11.19,11.44,8.94,190.52,0.52
2014,North Macedonia,16.18,3.64,3.73,27.49,26.81,172.64,0.58
2014,Montenegro,16.03,3.06,3.23,32.65,30.95,185.22,0.54
2014,Ukraine,15.95,5.67,6.25,17.62,16,301.69,0.33
2014,Brazil,14.96,4.44,4.59,22.5,21.8,178.83,0.56
2014,Peru,14.82,4.72,5.34,21.2,18.73,172.1,0.58
2014,Albania,14.76,3.78,5.37,26.43,18.62,146.24,0.68
2014,Russia,14.67,7.1,6.49,14.09,15.4,211.44,0.47
2014,Colombia,14.23,5.32,5.3,18.79,18.87,191.96,0.52
2014,Pakistan,13.92,3.23,3.53,30.97,28.31,212.14,0.47
2014,Nigeria,13.86,4.84,5.14,20.66,19.45,273.89,0.37
2014,Trinidad And Tobago,13.38,8.91,3.56,11.22,28.06,138.22,0.72
2014,Croatia,13.37,2.87,3.23,34.89,30.99,121.41,0.82
2014,Romania,13.24,4.81,4.83,20.8,20.71,130.21,0.77
2014,Lithuania,12.91,4.04,4.06,24.76,24.61,94.66,1.06
2014,Israel,12.83,3.6,3.73,27.74,26.82,92.6,1.08
2014,Latvia,12.71,3.84,5.64,26.03,17.74,91.93,1.09
2014,Ecuador,12.7,8.54,7.49,11.71,13.35,129.67,0.77
2014,Mauritius,12.4,3.98,3.68,25.13,27.2,132.73,0.75
2014,Sri Lanka,12.39,6.71,3.72,14.91,26.87,197.99,0.51
2014,Italy,12.15,2.83,3.55,35.38,28.18,98.44,1.02
2014,Bosnia And Herzegovina,11.97,2.98,3.25,33.55,30.81,114.57,0.87
2014,Greece,11.74,3.4,3.41,29.45,29.37,93.91,1.06
2014,Uruguay,11.6,5.85,6.47,17.09,15.46,125.44,0.8
2014,Poland,11.37,4.43,4.79,22.56,20.86,94.62,1.06
2014,South Korea,11.35,3.19,4.14,31.31,24.15,86.32,1.16
2014,Kazakhstan,11.35,6.87,7.45,14.56,13.42,164.92,0.61
2014,Tunisia,11.12,5.34,6.54,18.73,15.29,118.19,0.85
2014,Egypt,11.09,7.36,8.22,13.59,12.17,129.33,0.77
2014,Slovenia,11.09,3.91,3.98,25.58,25.13,92.12,1.09
2014,Bangladesh,11.04,4.26,3.87,23.46,25.85,197.32,0.51
2014,Spain,10.45,3.71,4.36,26.97,22.92,73.57,1.36
2014,Czech Republic,10.43,4.03,4.56,24.81,21.95,74.09,1.35
2014,France,10.32,2.83,3.91,35.33,25.61,73.05,1.37
2014,Dominican Republic,10.3,4.71,9,21.25,11.12,165.07,0.61
2014,Estonia,10.19,4.77,5.31,20.95,18.82,69.39,1.44
2014,India,10.16,3.34,3.94,29.9,25.36,126.43,0.79
2014,Bulgaria,9.87,5.44,5.81,18.38,17.22,101.23,0.99
2014,Panama,9.73,10.95,8.24,9.13,12.14,83.19,1.2
2014,Hungary,9.63,3.91,4.25,25.57,23.51,101.62,0.98
2014,Slovakia,9.51,6.23,6.02,16.05,16.62,73.29,1.36
2014,Chile,9.45,5.08,4.56,19.69,21.95,76.29,1.31
2014,Sweden,9.41,2.6,3.33,38.46,29.99,65.03,1.54
2014,Kenya,9.33,14.51,7.86,6.89,12.73,159.98,0.63
2014,Zimbabwe,9.26,9.42,10.08,10.62,9.92,246.67,0.41
2014,Austria,9.17,3.49,3.81,28.69,26.26,63.91,1.56
2014,Malta,9.1,2.53,4.42,39.55,22.61,63.89,1.57
2014,Honduras,9,5.59,7.14,17.9,14.01,124.13,0.81
2014,Iraq,8.98,8.78,8.9,11.39,11.23,113.67,0.88
2014,Argentina,8.95,4.62,4.77,21.65,20.98,186.31,0.54
2014,Bolivia,8.58,7.28,6.9,13.73,14.48,85.57,1.17
2014,Portugal,8.41,5.84,6.49,17.13,15.4,62.51,1.6
2014,Japan,8.34,4.06,3.28,24.64,30.47,50.36,1.99
2014,Malaysia,8.04,5.01,4.68,19.97,21.37,63.97,1.56
2014,Guatemala,8.04,8.05,9.19,12.43,10.88,93.07,1.07
2014,Jordan,7.95,7.39,7.18,13.53,13.93,81.47,1.23
2014,Finland,7.83,3.61,4.4,27.68,22.72,49.2,2.03
2014,Luxembourg,7.75,4.84,4.7,20.66,21.25,48.42,2.07
2014,United Kingdom,7.74,4.7,5.16,21.26,19.39,57.65,1.73
2014,Australia,7.44,5.15,5.46,19.42,18.3,64.46,1.55
2014,Norway,7.42,4.62,4.99,21.66,20.03,52.74,1.9
2014,Iceland,7.15,7.72,7.22,12.96,13.86,69.6,1.44
2014,Cyprus,7.07,4.96,4.7,20.17,21.27,62.7,1.59
2014,Switzerland,7.05,3.61,3.6,27.69,27.78,42.72,2.34
2014,Bahrain,6.92,10.7,8.82,9.34,11.34,69.5,1.44
2014,Costa Rica,6.88,8.78,8.63,11.38,11.59,95.39,1.05
2014,Turkey,6.86,5.81,6.93,17.2,14.43,90.4,1.11
2014,Kuwait,6.78,6.72,5.43,14.89,18.42,54.93,1.82
2014,Mozambique,6.59,17.55,14.82,5.7,6.75,140.56,0.71
2014,Mexico,6.47,6.36,5.32,15.72,18.8,80.58,1.24
2014,Denmark,6.37,4.5,4.73,22.2,21.13,44.5,2.25
2014,Netherlands,6.08,5.72,5.83,17.48,17.16,46.27,2.16
2014,Belgium,5.98,5.49,6.09,18.21,16.43,43.19,2.32
2014,Ireland,5.74,5.87,5.69,17.05,17.58,43.33,2.31
2014,Qatar,5.72,9.71,6.49,10.3,15.4,45.36,2.2
2014,Germany,5.6,4.51,4.78,22.17,20.91,37.98,2.63
2014,Canada,5.57,5.54,6.06,18.05,16.51,38.7,2.58
2014,Bahamas,5.47,5.55,7.52,18.03,13.3,60.48,1.65
2014,New Zealand,5.3,6.77,7.89,14.78,12.67,44.44,2.25
2014,United Arab Emirates,5.26,8.75,10.38,11.43,9.63,45.48,2.2
2014,Puerto Rico,5.1,5.2,6.8,19.24,14.7,41.82,2.39
2014,Libya,4.83,17.43,13.52,5.74,7.4,47.01,2.13
2014,Angola,4.54,33.49,17.58,2.99,5.69,71.69,1.39
2014,Jamaica,3.87,9.15,15.66,10.93,6.39,55.16,1.81
2014,South Africa,3.45,9.13,9.03,10.95,11.08,36.95,2.71
2014,Saudi Arabia,3.25,6.63,6.24,15.08,16.01,24.29,4.12
2014,Namibia,3.22,26.12,30.07,3.83,3.33,37.49,2.67
2014,Oman,2.95,11.18,12.46,8.94,8.02,26.71,3.74
2014,United States,2.43,11.01,12.58,9.08,7.95,17.99,5.56
2015,Uganda,31.13,1.86,10.02,53.7,9.98,649.36,0.15
2015,Syria,30.49,3.95,3.15,25.33,31.75,283.67,0.35
2015,Hong Kong,30.09,2.67,2.77,37.49,36.08,192.99,0.52
2015,Myanmar,26.84,8.47,2.95,11.81,33.92,317.96,0.31
2015,Ghana,26.62,10.77,13.45,9.28,7.44,670.38,0.15
2015,China,26.42,2.78,3,35.94,33.33,230.62,0.43
2015,El Salvador,25.44,5.3,1.66,18.88,60.3,336.09,0.3
2015,Taiwan,24.97,1.4,1.8,71.43,55.54,152.28,0.66
2015,Vietnam,23.92,5.17,7.64,19.33,13.09,285.6,0.35
2015,Venezuela,22.23,12.49,9.27,8.01,10.79,333.43,0.3
2015,Mauritius,22.13,2.21,2.41,45.26,41.48,228.83,0.44
2015,Singapore,21.41,3.42,3.89,29.24,25.69,133.27,0.75
2015,Cambodia,21.11,10.78,7.85,9.28,12.74,232.05,0.43
2015,Algeria,20.91,2.7,3.4,36.98,29.38,161.45,0.62
2015,Iran,20.78,5.05,5.53,19.81,18.09,468.12,0.21
2015,Thailand,20.76,3.93,3.22,25.45,31.06,179.53,0.56
2015,Nepal,19.74,2.61,2.84,38.26,35.16,257.35,0.39
2015,Indonesia,18.93,6.24,5.74,16.02,17.43,217.37,0.46
2015,Philippines,18.52,3.1,2.65,32.25,37.7,198.55,0.5
2015,Ukraine,17.38,5.96,5.88,16.78,17.02,349.26,0.29
2015,Moldova,17.07,5.18,5.68,19.32,17.59,267.28,0.37
2015,Serbia,17.07,2.81,3.15,35.59,31.78,155.29,0.64
2015,Kenya,16.75,8.34,4.12,11.99,24.25,287.29,0.35
2015,Brazil,16.7,4.23,4.32,23.65,23.14,200.64,0.5
2015,Kosovo (Disputed Territory),16.7,6.4,7.2,15.62,13.89,234.72,0.43
2015,Belarus,16.36,5.46,5.23,18.33,19.13,545.46,0.18
2015,Peru,16.27,6.03,6.5,16.59,15.39,189.76,0.53
2015,Lebanon,16.21,4,5.73,25,17.46,143.71,0.7
2015,Azerbaijan,16.19,7.7,9,12.99,11.11,185.65,0.54
2015,Morocco,16.12,4.76,3.6,20.99,27.78,135.99,0.74
2015,Montenegro,16.07,3.06,3.23,32.71,30.97,170.18,0.59
2015,North Macedonia,15.38,3.46,3.51,28.93,28.47,148.07,0.68
2015,Ethiopia,15.37,11.96,7.67,8.36,13.04,174.95,0.57
2015,Georgia,15.17,6.78,6.6,14.76,15.16,208.57,0.48
2015,Ecuador,14.67,7.02,6.42,14.24,15.57,167.68,0.6
2015,Uzbekistan,14.67,6.8,6.74,14.7,14.83,277.47,0.36
2015,Russia,14.6,6.87,6.46,14.56,15.48,209.95,0.48
2015,Albania,14.58,3.5,5.33,28.59,18.78,138.43,0.72
2015,Colombia,14.35,6.07,5.51,16.47,18.15,188.58,0.53
2015,Pakistan,14.32,3.03,3.54,33.02,28.26,218.22,0.46
2015,Sri Lanka,14.29,7.89,3.7,12.67,26.99,226.12,0.44
2015,Zimbabwe,14.11,6.53,4.88,15.32,20.5,405.98,0.25
2015,Armenia,13.39,6.55,5.33,15.28,18.75,197.43,0.51
2015,Lithuania,12.87,4.12,4.1,24.25,24.42,87.49,1.14
2015,Kazakhstan,12.73,5.86,5.55,17.08,18.01,186.69,0.54
2015,Bosnia And Herzegovina,12.5,3.16,3.1,31.69,32.28,123.72,0.81
2015,Croatia,12.48,3.08,3.42,32.51,29.23,109.97,0.91
2015,Botswana,12.43,8.36,1.98,11.96,50.4,159.07,0.63
2015,Latvia,12.19,3.85,4.63,25.94,21.59,83.51,1.2
2015,Romania,11.81,4.8,4.84,20.84,20.67,108.96,0.92
2015,Italy,11.69,2.82,3.56,35.46,28.06,94.06,1.06
2015,Estonia,11.65,4.21,4.35,23.76,22.98,78.12,1.28
2015,Argentina,11.59,3.63,3.75,27.58,26.64,231.65,0.43
2015,Dominican Republic,11.45,6,7.8,16.68,12.82,171.89,0.58
2015,Egypt,11.33,7.49,7.94,13.35,12.59,132.27,0.76
2015,Uruguay,11.23,5.59,5.92,17.89,16.9,108.51,0.92
2015,South Korea,11.01,3.34,3.76,29.95,26.61,83.32,1.2
2015,Bangladesh,10.9,3.74,4.29,26.75,23.31,194.01,0.52
2015,Tunisia,10.85,5.92,5.85,16.88,17.09,109.26,0.92
2015,Chile,10.84,4.4,5.34,22.71,18.74,87.73,1.14
2015,Panama,10.79,11.56,6.98,8.65,14.33,88.77,1.13
2015,Nigeria,10.74,10.74,3.43,9.31,29.17,205.19,0.49
2015,Israel,10.72,3.36,3.83,29.76,26.08,68.86,1.45
2015,Palestine,10.62,3.01,3.25,33.23,30.78,84.14,1.19
2015,Slovenia,10.61,3.62,3.78,27.61,26.43,79.56,1.26
2015,Czech Republic,10.59,3.97,4.75,25.16,21.05,71.37,1.4
2015,Poland,10.56,4.42,4.64,22.62,21.55,83.11,1.2
2015,Bolivia,10.33,6.15,5.41,16.26,18.48,94.54,1.06
2015,India,10.06,3.3,3.91,30.33,25.55,124.36,0.8
2015,Trinidad And Tobago,10.01,18.35,3.4,5.45,29.38,95.48,1.05
2015,Nicaragua,10,8.24,7.84,12.14,12.75,153.6,0.65
2015,France,9.7,3.18,3.92,31.44,25.48,66.73,1.5
2015,Greece,9.67,3.57,3.54,27.99,28.21,75.32,1.33
2015,Austria,9.6,2.95,3.66,33.95,27.3,64.32,1.55
2015,Spain,9.56,3.95,4.48,25.34,22.32,66.42,1.51
2015,Bulgaria,9.42,5.54,6,18.06,16.66,92.96,1.08
2015,Guatemala,9.29,7.17,7.55,13.95,13.25,101.72,0.98
2015,Sweden,9.25,2.82,3.18,35.46,31.49,61.85,1.62
2015,Japan,9.24,3.58,3.32,27.94,30.09,55.84,1.79
2015,Iraq,8.89,8.38,9.69,11.93,10.32,93.25,1.07
2015,United Kingdom,8.63,4.11,4.58,24.32,21.82,63.43,1.58
2015,Hungary,8.58,4.66,5.1,21.47,19.6,84.03,1.19
2015,Jordan,8.58,6.92,7.39,14.46,13.54,87.47,1.14
2015,Slovakia,8.58,6.23,6.64,16.04,15.05,61.09,1.64
2015,Malaysia,8.35,4.6,4.24,21.75,23.57,64.84,1.54
2015,Portugal,8.32,5.68,6.42,17.62,15.57,61.94,1.61
2015,Luxembourg,8.31,5.27,4.8,18.98,20.85,50.43,1.98
2015,Bahrain,7.89,9.32,10.82,10.73,9.24,69.39,1.44
2015,Norway,7.74,4.64,4.87,21.56,20.52,54.74,1.83
2015,Cyprus,7.38,4.28,4.28,23.39,23.38,63.99,1.56
2015,Switzerland,7.28,3.47,3.56,28.84,28.06,44,2.27
2015,Malta,7.2,4.73,5.15,21.14,19.42,49.83,2.01
2015,Australia,7.13,5.03,5.4,19.88,18.5,59.32,1.69
2015,Finland,7.01,3.86,5,25.93,20.01,43.52,2.3
2015,Turkey,6.7,5.93,7.11,16.86,14.06,86.84,1.15
2015,Germany,6.61,4.01,4.45,24.93,22.45,44.27,2.26
2015,Qatar,6.56,8.8,7.48,11.36,13.37,51.69,1.93
2015,Belgium,6.49,5.44,5.98,18.37,16.71,45.92,2.18
2015,Mexico,6.26,7.42,6.17,13.48,16.21,77.27,1.29
2015,Netherlands,6.22,5.61,5.63,17.82,17.77,46.1,2.17
2015,United Arab Emirates,6.16,8.76,9.75,11.42,10.26,49.9,2
2015,Kuwait,6.12,7.4,6.16,13.51,16.22,54.74,1.83
2015,Ireland,6.07,5.8,6.42,17.25,15.57,45,2.22
2015,New Zealand,5.78,6.04,7,16.57,14.28,49.11,2.04
2015,Costa Rica,5.74,10.23,9.31,9.78,10.74,84.35,1.19
2015,Iceland,5.61,8.05,8.05,12.42,12.42,52.65,1.9
2015,Canada,5.52,5.85,6.4,17.09,15.62,37.88,2.64
2015,Namibia,5.42,9.29,30.16,10.76,3.32,63.96,1.56
2015,Libya,5.08,15.08,13.2,6.63,7.57,50.98,1.96
2015,Denmark,5.02,5.74,5.72,17.42,17.5,34.3,2.92
2015,Mozambique,4.87,19.9,24.56,5.02,4.07,102.3,0.98
2015,Puerto Rico,4.54,5.74,6.26,17.43,15.98,36.02,2.78
2015,Jamaica,4.27,13.36,9.22,7.48,10.85,55.22,1.81
2015,Bahamas,3.87,7.3,8.45,13.7,11.83,39.41,2.54
2015,Belize,3.67,4,3.46,25.01,28.9,38.87,2.57
2015,Honduras,3.51,7.11,11.47,14.06,8.72,49.01,2.04
2015,Oman,3.23,11.35,12.64,8.81,7.91,30.3,3.3
2015,South Africa,3.14,10.2,9.4,9.8,10.63,33.59,2.98
2015,Saudi Arabia,3.12,7.2,6.85,13.89,14.59,23.55,4.25
2015,United States,2.62,11.16,12.92,8.96,7.74,19.43,5.15
2016,Hong Kong,37.57,1.95,2.14,51.16,46.74,239.94,0.42
2016,Vietnam,34.09,3.66,6.39,27.33,15.65,374.92,0.27
2016,Ghana,29.93,10.62,14.47,9.42,6.91,737.47,0.14
2016,Cambodia,29.79,6.28,6.05,15.91,16.52,336.12,0.3
2016,Ukraine,26.16,4.86,5.09,20.59,19.64,611.79,0.16
2016,China,24.98,2.53,2.64,39.57,37.84,210.65,0.47
2016,Thailand,24.38,4.34,3.59,23.05,27.87,214.23,0.47
2016,Syria,24.27,4.81,5.53,20.78,18.1,236.41,0.42
2016,Singapore,23.17,2.74,3.19,36.52,31.33,144.38,0.69
2016,Taiwan,22.72,1.2,1.5,83.3,66.83,139.85,0.72
2016,Belarus,21.06,4.87,4.89,20.54,20.44,721.22,0.14
2016,Kenya,20.19,6.77,4.27,14.77,23.43,332.77,0.3
2016,Japan,20.17,1.57,1.99,63.76,50.21,119.57,0.84
2016,Indonesia,19.48,4.52,4.89,22.14,20.46,225.53,0.44
2016,Philippines,19.24,3.01,3.07,33.25,32.62,193.09,0.52
2016,Algeria,19.06,2.94,3.69,34.02,27.1,152.14,0.66
2016,Moldova,18.27,5.58,6.08,17.91,16.44,257.53,0.39
2016,Armenia,18.24,5.81,5.06,17.21,19.76,286.45,0.35
2016,Brazil,17.95,4.24,4.16,23.6,24.06,239.44,0.42
2016,Nepal,17.87,2.36,3.12,42.33,32.07,215.92,0.46
2016,Azerbaijan,17.77,5.62,5.52,17.8,18.12,210.94,0.47
2016,Sri Lanka,17.35,5.61,4.04,17.82,24.75,239.34,0.42
2016,Ethiopia,17,13.35,9.68,7.49,10.33,214.81,0.47
2016,Serbia,16.59,3.1,3.37,32.29,29.7,148.39,0.67
2016,Uzbekistan,16.35,6.48,6.5,15.42,15.39,302.03,0.33
2016,Georgia,16.32,7.78,9.01,12.85,11.09,224.74,0.44
2016,Colombia,16.29,5.17,5.11,19.35,19.57,218.35,0.46
2016,Peru,15.95,5.03,5.42,19.89,18.45,183.97,0.54
2016,Montenegro,15.61,3.77,3.4,26.5,29.37,182.1,0.55
2016,North Macedonia,15.52,3.52,3.42,28.39,29.21,138.64,0.72
2016,Pakistan,15.27,3.36,3.21,29.79,31.18,218.77,0.46
2016,South Korea,14.87,2.19,3.43,45.62,29.18,110.65,0.9
2016,Uruguay,14.83,4.68,4.59,21.36,21.78,149.26,0.67
2016,Iran,14.78,5.77,6.88,17.32,14.54,356.11,0.28
2016,Morocco,14.66,4.79,4.46,20.89,22.43,125.46,0.8
2016,Albania,14.05,4.01,5.33,24.92,18.78,128.55,0.78
2016,Kazakhstan,13.23,5.08,5.64,19.69,17.73,199.3,0.5
2016,Lebanon,12.91,5.97,6.86,16.75,14.58,114.63,0.87
2016,Lithuania,12.9,4.24,4.43,23.57,22.59,84.11,1.19
2016,Russia,12.84,6.69,6.41,14.95,15.61,192.89,0.52
2016,Argentina,12.22,3.61,3.83,27.73,26.14,269.12,0.37
2016,Panama,12.06,11.48,7.68,8.71,13.02,98.17,1.02
2016,Dominican Republic,12.06,6.74,6.8,14.84,14.71,151.97,0.66
2016,France,11.93,2.64,3.19,37.89,31.36,78.5,1.27
2016,Croatia,11.88,3.13,3.54,31.97,28.29,101.79,0.98
2016,Ecuador,11.75,6.69,5.09,14.94,19.66,138.58,0.72
2016,Tunisia,11.52,5.37,5.46,18.61,18.31,107.72,0.93
2016,Sweden,11.19,2.55,3.12,39.26,32.03,69.76,1.43
2016,Estonia,11.13,3.94,3.96,25.41,25.28,71.06,1.41
2016,Poland,10.95,4.43,4.99,22.59,20.02,81.5,1.23
2016,Bosnia And Herzegovina,10.94,3.46,3.3,28.9,30.34,105.89,0.94
2016,Egypt,10.76,7.04,8.21,14.2,12.17,131.17,0.76
2016,Latvia,10.75,4.59,5.9,21.79,16.96,72.68,1.38
2016,Israel,10.64,3.29,3.51,30.38,28.47,67.46,1.48
2016,Romania,10.56,4.89,4.73,20.43,21.15,87.75,1.14
2016,India,10.54,3,3.78,33.31,26.43,127.94,0.78
2016,Italy,10.37,3.07,4.01,32.59,24.96,73.09,1.37
2016,Czech Republic,10.34,4.21,4.7,23.77,21.27,65.26,1.53
2016,Bolivia,10,5.85,5.94,17.09,16.83,96.06,1.04
2016,Chile,9.88,4.33,5.08,23.11,19.68,78.76,1.27
2016,Bangladesh,9.85,4.15,4.48,24.08,22.32,146.97,0.68
2016,Hungary,9.81,5.44,6.14,18.4,16.29,86.78,1.15
2016,Jamaica,9.8,6.99,4.39,14.3,22.78,116.63,0.86
2016,Slovenia,9.72,3.86,4.05,25.91,24.67,71.21,1.4
2016,Austria,9.52,3.63,3.98,27.51,25.12,60.17,1.66
2016,United Kingdom,9.28,4.42,4.53,22.63,22.06,65.52,1.53
2016,Malaysia,9.07,4.09,4.07,24.45,24.59,69.86,1.43
2016,Slovakia,9.02,6.32,6.47,15.83,15.47,58.63,1.71
2016,Jordan,8.98,6.19,6.57,16.15,15.22,97.11,1.03
2016,Bulgaria,8.8,5.5,5.87,18.2,17.05,79.85,1.25
2016,Luxembourg,8.68,4.35,4.38,23.01,22.82,52.71,1.9
2016,Malta,8.67,5.3,5.7,18.87,17.53,59.54,1.68
2016,Switzerland,8.57,3.06,3.28,32.69,30.53,51.22,1.95
2016,Ireland,8.51,4.5,5.49,22.24,18.21,62.4,1.6
2016,Australia,8.43,4.37,4.52,22.9,22.14,66.25,1.51
2016,Portugal,8.43,5.67,5.91,17.65,16.91,61.04,1.64
2016,Turkey,8.07,5.36,6.33,18.65,15.79,106.92,0.94
2016,Spain,8.06,4.49,5.12,22.27,19.52,54.56,1.83
2016,Iraq,7.74,8.63,9.78,11.59,10.22,89.64,1.12
2016,Finland,7.73,3.72,4.54,26.89,22.01,46.48,2.15
2016,Costa Rica,7.68,6.99,6.05,14.31,16.54,102.39,0.98
2016,Greece,7.38,4.09,3.91,24.45,25.57,53.6,1.87
2016,Norway,7.36,4.51,4.78,22.15,20.92,49.5,2.02
2016,Germany,7.13,3.82,4.07,26.18,24.54,45.62,2.19
2016,Palestine,7.07,5.96,6.22,16.77,16.07,58.05,1.72
2016,Tanzania,7.06,11.93,16.1,8.38,6.21,96.62,1.03
2016,Qatar,6.91,9.47,7,10.55,14.29,51.1,1.96
2016,Cyprus,6.67,4.68,4.87,21.37,20.53,54.89,1.82
2016,Belgium,6.58,6.78,6.34,14.76,15.78,43.16,2.32
2016,New Zealand,6.28,5.74,6.45,17.42,15.51,51.47,1.94
2016,Mexico,6.21,7.37,6.48,13.57,15.43,77.18,1.3
2016,Canada,6.14,5.43,6,18.42,16.68,40.86,2.45
2016,Netherlands,5.87,6.26,6.64,15.98,15.07,41,2.44
2016,Denmark,5.85,4.74,5.3,21.08,18.87,39.23,2.55
2016,Bahrain,5.7,10.41,12.65,9.61,7.9,49.06,2.04
2016,Iceland,5.54,8.02,8.73,12.46,11.45,51.65,1.94
2016,United Arab Emirates,5.43,10.63,10.98,9.4,9.1,40.91,2.44
2016,Puerto Rico,4.74,7.09,6.93,14.11,14.43,37.61,2.66
2016,United States,3.37,11.04,12.51,9.06,7.99,24.74,4.04
2016,South Africa,3.34,9.68,10.2,10.33,9.81,37.17,2.69
2016,Oman,3.33,8.21,14.46,12.17,6.92,28.19,3.55
2017,Venezuela,202.07,3.51,3.18,28.48,31.42,4469.07,0.02
2017,Syria,37.76,3.85,5.35,25.97,18.7,374.3,0.27
2017,Hong Kong,36.15,2.25,2.23,44.35,44.81,224.85,0.44
2017,Vietnam,26.76,4.52,7.03,22.1,14.22,285.55,0.35
2017,Thailand,24.43,3.8,3.54,26.29,28.27,212.03,0.47
2017,Cambodia,24.32,7.44,6.24,13.44,16.03,292.43,0.34
2017,China,23.29,2.23,2.74,44.83,36.49,189.71,0.53
2017,Ukraine,22.87,5.3,6.01,18.88,16.63,512.06,0.2
2017,Algeria,21.76,2.66,2.96,37.6,33.8,177.68,0.56
2017,Singapore,21.63,2.75,3.65,36.41,27.39,134.33,0.74
2017,Indonesia,21.03,4.67,4.94,21.41,20.26,247.68,0.4
2017,Azerbaijan,20.35,5.47,5.51,18.28,18.15,232.95,0.43
2017,Uruguay,19.7,4.47,4.06,22.38,24.62,202.18,0.49
2017,Colombia,19.43,4.25,4.3,23.52,23.28,283.62,0.35
2017,Belarus,18.73,5.31,4.82,18.85,20.75,587.51,0.17
2017,Serbia,17.87,3.14,3.33,31.88,30.07,142.63,0.7
2017,Sri Lanka,17.49,4.91,4.47,20.38,22.38,238.64,0.42
2017,Brazil,16.96,4.01,4.02,24.92,24.85,224.6,0.45
2017,Philippines,16.91,3.75,3.54,26.69,28.29,162.87,0.61
2017,Peru,16.46,6.24,5.45,16.01,18.34,204.59,0.49
2017,Mongolia,15.77,9.78,13.36,10.22,7.49,203.47,0.49
2017,Moldova,15.5,6.06,6.58,16.51,15.19,227.88,0.44
2017,Montenegro,15.27,3.53,3.7,28.35,27.06,165.12,0.61
2017,North Macedonia,14.67,3.71,3.57,26.93,28.04,132.83,0.75
2017,Albania,14.43,3.96,5,25.22,20.02,137.95,0.72
2017,Morocco,14.4,4.99,5.01,20.04,19.98,119.43,0.84
2017,Armenia,14.29,6.27,5.21,15.94,19.19,213.1,0.47
2017,Lithuania,14.19,3.9,4.14,25.62,24.18,89.18,1.12
2017,Switzerland,14.04,3.01,3.15,33.24,31.78,81.89,1.22
2017,Lebanon,13.95,5.36,6.27,18.67,15.94,126.66,0.79
2017,Luxembourg,13.93,3.94,3.7,25.37,27.01,84.38,1.19
2017,Russia,13.55,5.75,6.31,17.39,15.85,193.91,0.52
2017,Iran,13.5,6.1,8.12,16.39,12.31,275.34,0.36
2017,Bangladesh,12.89,3.25,3.48,30.81,28.71,181.3,0.55
2017,Taiwan,12.87,1.54,1.71,64.91,58.64,78.76,1.27
2017,Japan,12.68,2.21,2.75,45.15,36.32,72.76,1.37
2017,Dominican Republic,12.6,7.02,6.51,14.24,15.36,164.37,0.61
2017,Ecuador,12.56,6.41,5.17,15.61,19.35,150.54,0.66
2017,Tunisia,12.53,4.25,4.83,23.54,20.72,113.68,0.88
2017,Italy,12.39,2.69,3.56,37.18,28.06,82.64,1.21
2017,Kazakhstan,12.38,6.23,5.82,16.06,17.18,212.01,0.47
2017,South Korea,12.38,2.04,2.51,49.1,39.9,85.47,1.17
2017,Georgia,12.35,7.63,7.45,13.1,13.43,158.43,0.63
2017,Panama,12.25,10.29,9.89,9.72,10.11,102.41,0.98
2017,Pakistan,12.09,4.08,3.81,24.51,26.26,156.97,0.64
2017,Argentina,12.07,3.77,3.9,26.53,25.64,333.23,0.3
2017,Kuwait,11.82,5.28,5.16,18.96,19.37,94.86,1.05
2017,Sweden,11.77,2.52,3.22,39.66,31.08,71.27,1.4
2017,France,11.58,3,3.67,33.29,27.22,73.86,1.35
2017,Bosnia And Herzegovina,11.35,3.41,3.31,29.36,30.18,104.89,0.95
2017,Hungary,11.2,5.43,5.97,18.43,16.76,97.32,1.03
2017,Croatia,10.91,3.31,3.69,30.24,27.07,89.21,1.12
2017,Israel,10.87,3.45,3.54,28.98,28.27,71.94,1.39
2017,Romania,10.79,4.89,4.76,20.43,20.99,83.3,1.2
2017,Czech Republic,10.7,4.17,4.61,24.01,21.71,65.37,1.53
2017,Chile,10.67,4.42,5.06,22.64,19.77,83.59,1.2
2017,Egypt,10.66,7.18,7.74,13.93,12.93,138.09,0.72
2017,Estonia,10.54,4.11,3.95,24.33,25.3,68.75,1.45
2017,Latvia,10.39,4.77,5.05,20.96,19.8,68.49,1.46
2017,India,10.28,3.08,3.81,32.44,26.24,123.44,0.81
2017,Poland,10.12,4.66,5.25,21.44,19.04,73.08,1.37
2017,United Kingdom,10,4.16,4.4,24.02,22.75,69.1,1.45
2017,Slovakia,9.85,5.62,5.57,17.78,17.94,61.59,1.62
2017,Austria,9.66,3.63,3.78,27.55,26.46,59.08,1.69
2017,Bolivia,9.65,6.03,6.76,16.58,14.79,89.13,1.12
2017,Malaysia,9.53,4.07,4.05,24.6,24.66,72.87,1.37
2017,Australia,9.24,4.9,5.05,20.41,19.82,70.87,1.41
2017,Bulgaria,9.07,5.36,5.68,18.65,17.59,77.24,1.29
2017,Turkey,8.87,5.43,6.28,18.41,15.92,121.45,0.82
2017,Portugal,8.85,5.95,6.08,16.81,16.46,60.87,1.64
2017,Malta,8.74,5.89,6.14,16.98,16.28,61.42,1.63
2017,Netherlands,8.52,5.38,5.93,18.6,16.86,56.24,1.78
2017,Costa Rica,8.52,7.16,6.56,13.96,15.25,106.17,0.94
2017,Slovenia,8.34,4.2,4.21,23.82,23.77,60.26,1.66
2017,Greece,8.33,4.14,4.2,24.15,23.8,62.48,1.6
2017,Spain,8.26,4.38,5.23,22.81,19.13,52.02,1.92
2017,Namibia,8.2,10.09,9.24,9.91,10.83,100.9,0.99
2017,Denmark,8.2,4.71,4.82,21.21,20.76,52.39,1.91
2017,New Zealand,8.14,4.99,5.92,20.04,16.9,63.92,1.56
2017,Guatemala,8.05,7.25,8.56,13.8,11.68,94.38,1.06
2017,Jordan,7.96,6.48,7.23,15.43,13.84,76.63,1.3
2017,Norway,7.9,4.18,4.51,23.94,22.16,50.95,1.96
2017,Iraq,7.79,7.04,8.25,14.2,12.12,103.64,0.96
2017,Finland,7.6,3.74,4.6,26.72,21.76,44.51,2.25
2017,Germany,7.46,3.75,4.09,26.68,24.47,45.91,2.18
2017,Ireland,7.02,6.02,6.91,16.61,14.48,50.79,1.97
2017,Belgium,6.96,5.82,5.92,17.18,16.88,44.69,2.24
2017,Mexico,6.94,6.85,6.31,14.6,15.85,86.58,1.16
2017,Canada,6.4,5.47,6.16,18.29,16.23,42.14,2.37
2017,Qatar,6.19,9.49,9.19,10.54,10.88,47.11,2.12
2017,Iceland,6.15,8.07,8.37,12.39,11.95,57.7,1.73
2017,Palestine,6.11,6.95,6.87,14.4,14.55,53.86,1.86
2017,United Arab Emirates,5.6,9.7,10.65,10.3,9.39,42.07,2.38
2017,Cyprus,5.21,4.9,5.14,20.42,19.45,39.85,2.51
2017,Puerto Rico,5.11,7.03,6.54,14.22,15.28,40.14,2.49
2017,Libya,3.9,7.1,7.13,14.08,14.03,26.6,3.76
2017,South Africa,3.58,9.51,10.41,10.51,9.6,41.97,2.38
2017,United States,3.26,11.23,12.24,8.9,8.17,23.53,4.25
2018,Hong Kong,41.08,1.95,1.91,51.37,52.34,257.22,0.39
2018,China,28.2,1.76,2.12,56.83,47.1,224.3,0.45
2018,Thailand,22.78,3.76,3.62,26.57,27.61,195.53,0.51
2018,Algeria,22.23,2.56,2.81,39.14,35.62,184.28,0.54
2018,Singapore,22.2,2.67,3.17,37.47,31.58,138.59,0.72
2018,Vietnam,21.34,4.93,6.96,20.27,14.36,227.34,0.44
2018,Azerbaijan,20.12,5.36,5.36,18.67,18.65,227.73,0.44
2018,Peru,18.93,4.8,5.31,20.85,18.83,227.75,0.44
2018,Uruguay,18.52,4.97,4.65,20.1,21.49,193.01,0.52
2018,Ukraine,18.21,6.04,6.59,16.57,15.18,387.91,0.26
2018,Colombia,18.09,4.18,4.43,23.93,22.58,249.78,0.4
2018,Philippines,17.84,4.17,3.57,23.95,27.97,172.8,0.58
2018,Serbia,17.22,3.2,3.38,31.26,29.55,129.74,0.77
2018,Brazil,16.26,4.06,4.17,24.61,23.95,215.96,0.46
2018,Belarus,16,4.98,4.6,20.07,21.72,298.55,0.33
2018,Montenegro,15.05,3.44,3.95,29.11,25.3,139.49,0.72
2018,Moldova,14.85,6.44,6.59,15.53,15.17,205.91,0.49
2018,Taiwan,14.35,1.44,1.77,69.22,56.5,87.29,1.15
2018,Albania,14.25,3.69,4.75,27.07,21.05,129.22,0.77
2018,Panama,14.14,8.21,7.96,12.19,12.57,113.8,0.88
2018,South Korea,14.05,1.79,1.86,55.73,53.72,98.21,1.02
2018,Israel,13.85,2.63,3.05,38.03,32.74,94.37,1.06
2018,Lebanon,13.72,5.02,5.92,19.93,16.88,121.26,0.82
2018,Armenia,13.58,6.66,5.64,15.02,17.74,194.54,0.51
2018,North Macedonia,13.55,3.92,3.73,25.53,26.8,122.45,0.82
2018,Tunisia,13.51,4.22,4.9,23.69,20.4,123.18,0.81
2018,Hungary,13.32,4.49,5.34,22.25,18.72,112.96,0.89
2018,Morocco,13.29,5.34,5.06,18.71,19.77,112.11,0.89
2018,Chile,13.09,4.37,4.33,22.89,23.1,101.35,0.99
2018,Indonesia,13.07,4.56,4.83,21.92,20.72,136.15,0.73
2018,Lithuania,13.02,3.97,4.22,25.19,23.7,79.1,1.26
2018,Ecuador,13,5.41,5.11,18.49,19.57,161.7,0.62
2018,Kazakhstan,12.84,6.26,5.95,15.98,16.82,229.86,0.44
2018,Czech Republic,12.73,3.74,4.08,26.76,24.49,77.39,1.29
2018,Dominican Republic,12.68,6.57,6.51,15.23,15.35,172.89,0.58
2018,Egypt,12.68,6.92,6.71,14.46,14.9,207.7,0.48
2018,Kosovo (Disputed Territory),12.67,3.68,4.89,27.14,20.44,109.4,0.91
2018,Japan,12.64,2.03,2.56,49.26,39.07,71,1.41
2018,Pakistan,12.48,4.43,4.11,22.55,24.32,159.56,0.63
2018,Bangladesh,12.46,3.84,3.41,26.06,29.3,161.59,0.62
2018,Iran,12.45,6.64,8.02,15.05,12.47,238.61,0.42
2018,Georgia,12.45,7.2,7.62,13.9,13.13,154.58,0.65
2018,Bosnia And Herzegovina,11.56,3.43,3.14,29.15,31.84,101.04,0.99
2018,Russia,11.44,6.28,6.46,15.93,15.49,154.85,0.65
2018,Luxembourg,11.18,3.94,3.97,25.36,25.19,67.59,1.48
2018,Croatia,11.09,3.59,3.73,27.87,26.8,90.62,1.1
2018,Switzerland,10.94,2.65,3,37.74,33.37,62.84,1.59
2018,Bolivia,10.83,5.59,6.09,17.89,16.42,95.61,1.05
2018,Argentina,10.68,4.2,4.2,23.8,23.79,286.2,0.35
2018,Sweden,10.52,2.61,3.37,38.37,29.67,63.02,1.59
2018,Portugal,10.01,5.53,6.36,18.09,15.71,65.58,1.52
2018,France,9.93,3.2,3.66,31.29,27.36,60.78,1.65
2018,Italy,9.88,3.54,4.28,28.25,23.35,63.15,1.58
2018,Slovakia,9.88,5.51,5.76,18.14,17.37,59.58,1.68
2018,Poland,9.77,4.91,5.28,20.39,18.92,69.57,1.44
2018,Latvia,9.77,5.17,5.42,19.35,18.45,64.59,1.55
2018,Malta,9.75,5.8,6.77,17.24,14.78,68.9,1.45
2018,India,9.73,3.05,3.78,32.78,26.44,112.15,0.89
2018,Malaysia,9.62,3.75,4.18,26.68,23.92,73.37,1.36
2018,Austria,9.58,3.6,3.87,27.8,25.87,58.7,1.7
2018,Greece,9.46,4,4.35,25,23.01,70.7,1.41
2018,United Kingdom,9.31,3.88,4.61,25.76,21.67,63.26,1.58
2018,Estonia,9.24,4.15,4.42,24.09,22.62,58.1,1.72
2018,Romania,9.1,4.82,4.84,20.76,20.65,62.5,1.6
2018,Turkey,8.95,5.21,6.14,19.19,16.29,123.62,0.81
2018,Norway,8.71,3.64,4.09,27.45,24.44,55.55,1.8
2018,Iraq,8.64,6.53,7.45,15.32,13.42,119.75,0.84
2018,Bulgaria,8.58,5.42,5.72,18.43,17.48,67.03,1.49
2018,Slovenia,8.38,4.15,4.09,24.08,24.45,59.03,1.69
2018,New Zealand,8.18,4.83,4.93,20.68,20.3,64.31,1.55
2018,Germany,8.05,3.57,3.9,28.04,25.61,48.33,2.07
2018,Spain,8,4.68,5.57,21.36,17.96,49.83,2.01
2018,Costa Rica,7.91,7.29,7.51,13.72,13.31,91.32,1.1
2018,Mexico,7.8,6.48,6.15,15.44,16.25,97.3,1.03
2018,Ireland,7.63,6.17,7.49,16.2,13.35,54.8,1.82
2018,Finland,7.49,3.75,4.56,26.69,21.92,43.31,2.31
2018,Australia,7.41,4.97,5.15,20.13,19.41,56.1,1.78
2018,Jordan,7.28,7.26,8.19,13.77,12.21,70.3,1.42
2018,Denmark,7.22,4.18,4.79,23.93,20.88,44.67,2.24
2018,Belgium,7.1,4.93,4.92,20.29,20.32,44.91,2.23
2018,Iceland,6.85,6.71,7.5,14.91,13.34,59.97,1.67
2018,Netherlands,6.74,5.31,6.15,18.82,16.25,43.09,2.32
2018,Canada,6.12,5.35,6.01,18.69,16.63,40.41,2.47
2018,Palestine,5.39,6.18,6.61,16.19,15.14,50.12,2
2018,Cyprus,5.33,5.46,5.69,18.31,17.58,39.17,2.55
2018,United Arab Emirates,4.88,10.26,10.6,9.74,9.43,35.87,2.79
2018,South Africa,3.49,10.17,10.34,9.83,9.67,41.8,2.39
2018,United States,3.34,10.75,11.8,9.3,8.47,24.1,4.15
2019,Hong Kong,49.42,1.84,1.86,54.47,53.79,310.55,0.32
2019,China,29.09,1.83,2.01,54.51,49.85,231.33,0.43
2019,Taiwan,28.91,1.97,2.38,50.65,41.99,174.62,0.57
2019,Sri Lanka,26.32,3.41,3.25,29.35,30.77,403.42,0.25
2019,Nepal,25.15,2.38,2.87,41.99,34.86,325.46,0.31
2019,Thailand,21.94,3.52,3.66,28.43,27.34,182.02,0.55
2019,Philippines,21.83,3.51,3.74,28.48,26.75,206.69,0.48
2019,Singapore,21.56,2.37,2.7,42.13,37,133.06,0.75
2019,Algeria,21.22,2.71,3.02,36.84,33.1,180.38,0.55
2019,Vietnam,19.66,4.45,5.76,22.47,17.36,209.4,0.48
2019,Argentina,19.02,2.57,2.85,38.89,35.14,566.2,0.18
2019,Colombia,18.85,4.43,4.75,22.57,21.06,253.32,0.39
2019,Brazil,18.72,3.73,3.83,26.84,26.11,219.77,0.46
2019,Serbia,18.62,3.04,3.31,32.94,30.2,133.07,0.75
2019,South Korea,17.58,1.36,1.74,73.68,57.61,122.07,0.82
2019,Azerbaijan,17.22,5.03,5.69,19.89,17.58,178.87,0.56
2019,Iran,16.87,5.82,7.06,17.2,14.16,335.16,0.3
2019,Peru,16,4.83,5.67,20.71,17.64,186.89,0.54
2019,Albania,15.2,4.28,5.27,23.37,18.99,128.83,0.78
2019,Czech Republic,15.17,3.3,3.72,30.28,26.86,96.35,1.04
2019,Morocco,14.71,4.61,4.45,21.71,22.48,122.95,0.81
2019,Ukraine,14.35,6.45,7.6,15.5,13.16,291.44,0.34
2019,Belarus,14.27,4.77,4.55,20.96,21.96,212.6,0.47
2019,Armenia,14.09,6.38,6.31,15.67,15.85,187.15,0.53
2019,Pakistan,14.06,4.11,4,24.3,24.98,184.06,0.54
2019,Uruguay,13.99,4.25,4.2,23.54,23.8,143.83,0.7
2019,Israel,13.98,2.67,3.11,37.47,32.11,97.11,1.03
2019,Moldova,13.83,5.66,6.39,17.68,15.66,183.14,0.55
2019,Indonesia,13.81,5.06,5.11,19.75,19.55,143.25,0.7
2019,Montenegro,13.69,4.11,4.13,24.35,24.19,119.83,0.83
2019,Dominican Republic,13.66,6.3,6.88,15.87,14.54,194.73,0.51
2019,North Macedonia,13.65,4.03,4.02,24.79,24.85,120.31,0.83
2019,Egypt,13.6,6.06,6.45,16.5,15.51,200.82,0.5
2019,Chile,13.51,4.28,4.18,23.37,23.95,98.89,1.01
2019,Lebanon,13.44,5.06,6.32,19.77,15.83,117.78,0.85
2019,Ecuador,13.11,5.43,5.02,18.42,19.92,161.92,0.62
2019,France,12.85,2.55,3.13,39.18,31.91,76.33,1.31
2019,Portugal,12.71,4.94,6.34,20.23,15.77,81.02,1.23
2019,Georgia,12.67,6.63,7.25,15.08,13.79,164.7,0.61
2019,Panama,12.67,8.08,7.85,12.38,12.74,101.36,0.99
2019,Hungary,12.58,4.35,4.98,22.98,20.09,105.18,0.95
2019,Russia,12.39,5.86,6.01,17.07,16.63,149.15,0.67
2019,Bangladesh,12.33,3.33,3.82,30,26.15,153.78,0.65
2019,Bosnia And Herzegovina,12.28,3.23,3.12,30.97,32.02,100.31,1
2019,Tunisia,12.27,4.57,4.89,21.86,20.43,115.77,0.86
2019,Luxembourg,11.64,3.98,4.22,25.11,23.71,70.38,1.42
2019,Croatia,11.63,3.47,3.57,28.85,28.02,89.94,1.11
2019,Kazakhstan,11.51,7.22,6.52,13.85,15.34,203.22,0.49
2019,Guatemala,11.37,6.28,7.46,15.91,13.4,115.07,0.87
2019,India,11.33,2.88,3.56,34.7,28.13,125.75,0.8
2019,Japan,11.25,2.48,3.07,40.25,32.61,64.15,1.56
2019,Lithuania,11.11,4.18,4.39,23.9,22.76,68.45,1.46
2019,Kosovo (Disputed Territory),11.06,4.13,5.08,24.21,19.68,90.4,1.11
2019,Malta,10.82,5.78,7.1,17.3,14.09,76.02,1.32
2019,Slovakia,10.27,5.41,5.26,18.48,18.99,61.49,1.63
2019,Poland,10.27,4.85,5.18,20.6,19.29,73.58,1.36
2019,Sweden,10.26,2.78,3.5,35.91,28.57,67.78,1.48
2019,Mexico,10.19,5.67,5.82,17.65,17.18,126.57,0.79
2019,Slovenia,10.16,3.76,3.87,26.58,25.81,69.99,1.43
2019,Romania,10.15,4.41,4.55,22.66,21.99,72.83,1.37
2019,Austria,10.14,3.43,3.9,29.14,25.63,62.11,1.61
2019,Bolivia,10.12,6.49,7.13,15.41,14.03,94.22,1.06
2019,Italy,9.97,3.68,4.49,27.19,22.29,62.16,1.61
2019,Greece,9.84,4.27,4.16,23.45,24.02,76.93,1.3
2019,Malaysia,9.77,3.84,3.99,26.06,25.04,74.4,1.34
2019,Switzerland,9.63,2.83,3.18,35.29,31.42,56,1.79
2019,Latvia,9.35,4.68,5.32,21.37,18.81,60.37,1.66
2019,Costa Rica,9.31,6.92,6.62,14.46,15.11,104.61,0.96
2019,Estonia,9.31,4.19,4.32,23.88,23.16,59.98,1.67
2019,Turkey,9.26,4.9,5.74,20.4,17.42,185.44,0.54
2019,Spain,9.21,4.39,5.09,22.76,19.64,57.96,1.73
2019,United Kingdom,9.16,3.97,4.3,25.18,23.27,62.25,1.61
2019,Germany,9.02,3.34,3.58,29.94,27.95,54.17,1.85
2019,Iraq,9,6.29,7.4,15.89,13.52,110.56,0.9
2019,Bulgaria,8.72,5.25,5.88,19.05,17.02,65.34,1.53
2019,Norway,8.4,3.81,4.31,26.21,23.18,54.15,1.85
2019,New Zealand,8.34,4.56,4.9,21.95,20.4,65.2,1.53
2019,Finland,7.98,3.48,4.37,28.75,22.9,46.1,2.17
2019,Ireland,7.9,5.51,7.16,18.13,13.96,56.55,1.77
2019,Jordan,7.67,6.75,7.75,14.81,12.91,76.66,1.3
2019,Canada,7.66,4.36,5.25,22.92,19.03,53.26,1.88
2019,Australia,7.6,4.62,4.78,21.67,20.94,57.42,1.74
2019,Netherlands,7.38,5.24,5.81,19.09,17.21,46.93,2.13
2019,Belgium,7.18,5.04,5,19.85,20.02,44.12,2.27
2019,Cyprus,7.17,6.22,6.72,16.07,14.89,50.91,1.96
2019,Denmark,6.93,4.46,4.88,22.43,20.49,42.54,2.35
2019,Iceland,6.58,6.83,7.37,14.65,13.57,58.03,1.72
2019,Qatar,5.74,6.96,7.27,14.37,13.76,44.29,2.26
2019,Palestine,5.42,5.88,6.56,17,15.24,53.58,1.87
2019,United Arab Emirates,4.4,10.24,10.68,9.77,9.36,31.52,3.17
2019,South Africa,4.11,9.56,11.16,10.46,8.96,49.15,2.03
2019,United States,3.58,10.4,11.24,9.61,8.9,26.81,3.73
2020,Venezuela,133.29,6.22,6.45,16.08,15.49,3025.03,0.03
2020,Syria,60.83,2.71,3,36.93,33.29,662.83,0.15
2020,Hong Kong,47.46,1.77,1.83,56.45,54.74,303.35,0.33
2020,Cambodia,42.33,4.78,6.2,20.93,16.13,479.45,0.21
2020,Kenya,31.63,2.15,4.07,46.56,24.54,472.19,0.21
2020,Sri Lanka,31.14,2.88,2.36,34.76,42.32,478.77,0.21
2020,China,29.06,1.71,1.91,58.34,52.38,231.68,0.43
2020,Iran,25.11,4.92,5.43,20.33,18.41,515.47,0.19
2020,Nepal,24.74,2.57,3.23,38.9,30.95,314.15,0.32
2020,Philippines,24.6,3.44,3.95,29.04,25.35,237.12,0.42
2020,Argentina,24.53,1.93,1.95,51.89,51.32,1041.24,0.1
2020,Taiwan,23.69,1.38,1.5,72.61,66.6,142.46,0.7
2020,Singapore,22.31,2.32,2.78,43.02,35.96,142.09,0.7
2020,Thailand,22.26,3.22,3.72,31.02,26.9,185.69,0.54
2020,Vietnam,21.36,4.23,5.55,23.65,18.02,228.46,0.44
2020,Colombia,19.65,4.53,4.09,22.08,24.45,255.62,0.39
2020,Serbia,18.94,3.09,3.42,32.33,29.26,135.81,0.74
2020,Indonesia,18.88,4.77,5.08,20.95,19.67,220.84,0.45
2020,Algeria,17.81,3,3.81,33.29,26.21,150.28,0.67
2020,South Korea,17.37,1.48,1.79,67.35,55.91,121.78,0.82
2020,Armenia,16.62,5.84,5.75,17.12,17.4,213.97,0.47
2020,Brazil,16.41,4.11,4.32,24.32,23.16,188.61,0.53
2020,Uruguay,16.34,3.97,4.05,25.21,24.7,165.87,0.6
2020,Azerbaijan,16.24,5.25,5.43,19.05,18.4,165.33,0.6
2020,Albania,15.49,4.2,5.3,23.82,18.86,125.86,0.79
2020,Czech Republic,15.42,3.32,3.65,30.08,27.37,99.53,1
2020,Uzbekistan,15.31,6.11,7.23,16.36,13.82,288.74,0.35
2020,Peru,14.95,5.48,5.08,18.24,19.68,162.85,0.61
2020,Chile,14.93,4.34,3.89,23.02,25.69,106.28,0.94
2020,Hungary,14.77,3.8,4.27,26.31,23.4,116.46,0.86
2020,Belarus,14.65,5.03,4.62,19.86,21.63,223.16,0.45
2020,Georgia,14.21,7.63,8.51,13.11,11.75,196.1,0.51
2020,Morocco,14.18,4.49,4.66,22.27,21.47,114.32,0.87
2020,Croatia,13.73,3.41,3.55,29.28,28.2,101.72,0.98
2020,Dominican Republic,13.48,6.69,6.49,14.95,15.4,183.43,0.55
2020,Montenegro,13.23,4.57,4.37,21.9,22.9,117.5,0.85
2020,Lebanon,13.23,5.06,5.81,19.77,17.21,122.53,0.82
2020,Bangladesh,13.1,2.91,3.69,34.41,27.09,163.36,0.61
2020,France,13.04,2.44,3.02,41,33.08,76.69,1.3
2020,Egypt,13.01,5.57,6.23,17.96,16.04,193.89,0.52
2020,Japan,13,2.11,2.56,47.39,39,75.15,1.33
2020,Israel,12.83,3.2,3.1,31.21,32.25,90.29,1.11
2020,Ecuador,12.7,5.53,5.4,18.08,18.52,150.75,0.66
2020,Portugal,12.7,5.04,6.11,19.85,16.38,79.24,1.26
2020,Panama,12.6,8.18,8.02,12.22,12.47,101.92,0.98
2020,North Macedonia,12.6,4.01,4.02,24.93,24.85,106.11,0.94
2020,Bosnia And Herzegovina,12.58,3.36,3.22,29.73,31.08,98.12,1.02
2020,Malta,12.32,5.69,7.01,17.57,14.26,90.4,1.11
2020,Kuwait,12.28,3.38,5.26,29.56,19.02,100.31,1
2020,Ukraine,12.23,6.47,7.5,15.46,13.33,243.98,0.41
2020,Pakistan,11.98,4.87,5.27,20.54,18.98,178.79,0.56
2020,Luxembourg,11.61,3.52,4.01,28.37,24.92,69.7,1.43
2020,Poland,11.38,4.46,4.94,22.45,20.24,82.23,1.22
2020,India,11.38,2.99,3.59,33.46,27.84,126.19,0.79
2020,Romania,11.33,4.4,4.52,22.73,22.11,94.22,1.06
2020,Lithuania,10.9,4.09,4.33,24.43,23.09,68.53,1.46
2020,Austria,10.88,3.28,3.59,30.53,27.83,66.86,1.5
2020,Kazakhstan,10.86,6.47,5.98,15.45,16.72,176.94,0.57
2020,Russia,10.77,5.89,5.95,16.99,16.82,129.82,0.77
2020,Honduras,10.77,7.41,6.29,13.5,15.89,130.96,0.76
2020,Kosovo (Disputed Territory),10.67,4.79,5.2,20.89,19.23,82.59,1.21
2020,Mexico,10.67,5.87,5.78,17.03,17.3,132.75,0.75
2020,Tunisia,10.63,5.03,5.16,19.89,19.37,109.19,0.92
2020,Greece,10.6,4.22,4.09,23.68,24.45,81.95,1.22
2020,Slovenia,10.49,3.83,3.91,26.12,25.59,71.56,1.4
2020,Costa Rica,10.31,5.96,5.21,16.79,19.2,119.42,0.84
2020,Slovakia,10.25,5.1,5.43,19.6,18.42,60.15,1.66
2020,United Kingdom,10.09,3.52,4.11,28.45,24.33,68.71,1.46
2020,Guatemala,10.08,7.12,7.51,14.05,13.31,98.73,1.01
2020,Malaysia,9.94,3.67,3.94,27.27,25.41,75.44,1.33
2020,Italy,9.71,3.86,4.78,25.92,20.94,59.11,1.69
2020,Bolivia,9.69,6.87,6.94,14.56,14.4,100.09,1
2020,Germany,9.38,3.22,3.54,31.01,28.25,56.33,1.78
2020,Spain,9.37,4.64,5.21,21.55,19.2,58.71,1.7
2020,Sweden,9.27,3.08,3.5,32.45,28.54,61.57,1.62
2020,Iraq,9.12,5.9,7.38,16.94,13.55,99.66,1
2020,Oman,9.08,3.56,4.98,28.07,20.09,71.33,1.4
2020,Estonia,9.06,4.02,4.12,24.9,24.26,57.2,1.75
2020,Latvia,8.85,4.62,5.3,21.66,18.88,56.43,1.77
2020,Norway,8.77,3.64,4.09,27.47,24.45,57.3,1.75
2020,Switzerland,8.68,2.97,3.28,33.71,30.49,50.83,1.97
2020,Bahrain,8.63,7.46,7.77,13.41,12.88,77.22,1.29
2020,New Zealand,8.52,4.25,4.58,23.51,21.86,65.54,1.53
2020,Bulgaria,8.52,5.23,5.76,19.14,17.36,61.27,1.63
2020,Jordan,8.42,6.43,7.09,15.56,14.1,83.64,1.2
2020,Finland,8.35,3.3,4.28,30.34,23.37,48.1,2.08
2020,Cyprus,8.2,6.17,6.31,16.2,15.85,55.94,1.79
2020,Canada,7.97,4.29,5.28,23.33,18.94,56.41,1.77
2020,Turkey,7.81,5.53,5.95,18.09,16.81,155.46,0.64
2020,Australia,7.52,4.47,4.67,22.35,21.43,55.61,1.8
2020,Netherlands,7.51,5.28,5.56,18.93,17.98,47.12,2.12
2020,Ireland,7.49,6.64,7.06,15.05,14.17,52.5,1.9
2020,Denmark,7.45,4.04,4.07,24.77,24.58,44.56,2.24
2020,Belgium,6.91,4.92,5.08,20.33,19.67,41.27,2.42
2020,Iceland,6.74,6.47,7.16,15.46,13.96,59.36,1.68
2020,Trinidad And Tobago,6.1,11.36,7.61,8.8,13.15,54.47,1.84
2020,Qatar,5.82,7.19,7.38,13.92,13.54,45.3,2.21
2020,United Arab Emirates,5.29,9.05,9.09,11.05,11,39.23,2.55
2020,Namibia,5.15,10.34,10.3,9.67,9.71,65.42,1.53
2020,Palestine,4.38,7.16,7.53,13.97,13.28,46.46,2.15
2020,South Africa,3.93,9.85,11.3,10.15,8.85,47.5,2.11
2020,Puerto Rico,3.53,9.34,8.12,10.7,12.31,27.25,3.67
2020,United States,3.52,10.36,11.23,9.65,8.9,26.35,3.79
2021,Syria,63.23,2.94,3.16,34,31.69,709.44,0.14
2021,Hong Kong,45.19,1.62,1.74,61.64,57.56,288.29,0.35
2021,Jamaica,35.95,2.84,1.2,35.27,83.54,374.4,0.27
2021,Cambodia,35.81,4.99,5.55,20.02,18.01,429.03,0.23
2021,Sri Lanka,35.01,2.76,2.72,36.24,36.74,534.08,0.19
2021,Iran,34.24,4.13,4.9,24.18,20.4,730.02,0.14
2021,Philippines,30.14,3.28,3.25,30.51,30.75,294.61,0.34
2021,China,29.02,1.52,1.72,65.73,58.11,232.37,0.43
2021,Kenya,27.27,2.06,4.03,48.55,24.83,420.33,0.24
2021,Nepal,23.76,2.44,2.9,40.92,34.43,307.99,0.32
2021,Taiwan,23.63,1.49,1.54,67.06,65.11,141.61,0.71
2021,South Korea,23.63,1.05,1.23,95.14,81.52,163.61,0.61
2021,Argentina,22.68,2.22,2.29,45.04,43.75,941.22,0.11
2021,Thailand,22.16,3.17,3.64,31.59,27.48,179.85,0.56
2021,Indonesia,22.01,4.07,4.81,24.57,20.81,256.78,0.39
2021,Vietnam,20.59,4.03,5.79,24.84,17.27,223.94,0.45
2021,Singapore,19.38,2.42,3.05,41.28,32.75,120.99,0.83
2021,Colombia,18.67,5.1,4.67,19.62,21.43,239.8,0.42
2021,Armenia,18.01,5.05,4.91,19.79,20.37,229.05,0.44
2021,Chile,17.6,3.88,3.74,25.74,26.72,127.33,0.79
2021,Uruguay,17.33,3.86,3.83,25.88,26.08,174.55,0.57
2021,Algeria,17.14,3.18,4.03,31.42,24.82,151.4,0.66
2021,Serbia,17.08,3.06,3.37,32.67,29.65,124.23,0.8
2021,Peru,16.88,5.13,4.85,19.51,20.61,192.24,0.52
2021,Belarus,16.79,4.26,4.13,23.49,24.24,250.96,0.4
2021,Azerbaijan,16.58,4.84,5.44,20.66,18.39,176.77,0.57
2021,Brazil,16.13,4.11,4.26,24.36,23.47,181.41,0.55
2021,Kyrgyzstan,15.59,6.96,6.66,14.37,15.01,262.31,0.38
2021,Uzbekistan,15.59,6.14,6.98,16.29,14.33,337.13,0.3
2021,El Salvador,15.57,6.46,7.14,15.48,14,167.29,0.6
2021,Czech Republic,15.46,3.15,3.38,31.7,29.55,99.54,1
2021,Albania,14.78,4.31,5.19,23.2,19.28,117.52,0.85
2021,Bangladesh,14.43,3.26,3.41,30.66,29.33,180.7,0.55
2021,Paraguay,14.21,5.39,6.77,18.56,14.78,204.31,0.49
2021,Croatia,14.2,3.32,3.53,30.08,28.34,103.34,0.97
2021,Georgia,14.16,6.31,7.38,15.85,13.55,177.93,0.56
2021,Montenegro,14.12,4.31,4.28,23.2,23.35,130.98,0.76
2021,Lebanon,14.07,5.46,5.74,18.32,17.43,132.92,0.75
2021,Poland,14.03,4.19,4.92,23.88,20.32,106.88,0.94
2021,Israel,13.68,2.75,2.86,36.41,35,95.98,1.04
2021,Egypt,13.65,5.53,6.23,18.08,16.05,199.74,0.5
2021,Guatemala,13.55,7.24,7.21,13.81,13.86,134.48,0.74
2021,Morocco,13.49,4.62,4.88,21.65,20.48,109.72,0.91
2021,France,13.48,2.33,2.71,42.98,36.86,78.45,1.27
2021,Kuwait,13.18,3.16,5.13,31.65,19.48,113.09,0.88
2021,Japan,13.04,2.19,2.43,45.63,41.19,75.2,1.33
2021,Afghanistan,12.95,3.29,3.85,30.42,25.97,158.02,0.63
2021,Moldova,12.71,5.73,6.55,17.45,15.28,141.74,0.71
2021,North Macedonia,12.67,4.04,3.82,24.78,26.16,105.01,0.95
2021,Portugal,12.65,4.78,5.79,20.91,17.27,78.59,1.27
2021,Pakistan,12.62,4.52,4.71,22.14,21.22,186.15,0.54
2021,Ecuador,12.59,5.8,6.01,17.25,16.64,152.27,0.66
2021,Malta,12.5,5.45,6.46,18.36,15.49,91.61,1.09
2021,Panama,12.33,7.37,7.04,13.57,14.21,101.32,0.99
2021,Luxembourg,12.17,3.32,3.66,30.09,27.29,72.08,1.39
2021,Tunisia,11.83,4.82,4.76,20.75,21.02,126.49,0.79
2021,Dominican Republic,11.76,7.31,7.39,13.68,13.54,158.8,0.63
2021,Hungary,11.6,3.79,4.04,26.37,24.75,91.39,1.09
2021,Mongolia,11.51,7.19,6.64,13.91,15.05,138.14,0.72
2021,India,11.31,3.04,3.67,32.86,27.22,123.67,0.81
2021,Kosovo (Disputed Territory),11.23,5.02,5.07,19.94,19.73,85.7,1.17
2021,Slovakia,11.14,4.56,4.8,21.95,20.82,64.73,1.54
2021,Russia,11.14,5.8,5.6,17.25,17.87,130.26,0.77
2021,Lithuania,10.97,3.71,4.19,26.96,23.87,69.31,1.44
2021,Slovenia,10.89,3.8,3.88,26.31,25.8,73.56,1.36
2021,Ukraine,10.77,6.8,7.43,14.71,13.47,207.81,0.48
2021,Bosnia And Herzegovina,10.75,3.34,3.27,29.96,30.55,79.63,1.26
2021,Romania,10.66,4.43,4.51,22.6,22.2,90.28,1.11
2021,Mexico,10.46,6.36,6.45,15.72,15.49,131.07,0.76
2021,Austria,10.4,3.16,3.46,31.68,28.94,63.66,1.57
2021,Greece,10.13,4.46,4.28,22.4,23.39,77.77,1.29
2021,Honduras,10.1,6.96,5.14,14.37,19.46,124.85,0.8
2021,Costa Rica,10.07,5.8,5.23,17.24,19.13,113.66,0.88
2021,Malaysia,9.92,3.59,4.02,27.87,24.9,74.66,1.34
2021,Kazakhstan,9.63,6.86,6.71,14.57,14.9,147.96,0.68
2021,Spain,9.59,4.49,5.23,22.29,19.11,60.14,1.66
2021,United Kingdom,9.57,3.71,4.12,26.96,24.29,64.73,1.54
2021,Italy,9.52,3.81,4.84,26.25,20.67,57.34,1.74
2021,Germany,9.12,3.24,3.53,30.91,28.34,54.68,1.83
2021,Estonia,9.11,3.92,4.04,25.54,24.76,57.95,1.73
2021,Iraq,9,5.74,7.48,17.43,13.37,97.63,1.02
2021,Bulgaria,8.97,5.01,5.61,19.97,17.84,64.25,1.56
2021,Bolivia,8.78,6.69,7.01,14.96,14.26,92.46,1.08
2021,Finland,8.64,3.05,4.06,32.81,24.63,49.53,2.02
2021,Sweden,8.56,3.2,3.64,31.27,27.5,55.56,1.8
2021,Norway,8.49,3.57,4.03,27.98,24.78,55.61,1.8
2021,Latvia,8.48,4.88,5.19,20.51,19.29,54.63,1.83
2021,Bahrain,8.48,7.2,7.4,13.88,13.52,77,1.3
2021,Switzerland,8.42,2.9,3.31,34.53,30.17,48.73,2.05
2021,Turkey,8.21,5.22,5.93,19.17,16.86,134.19,0.75
2021,New Zealand,8.09,4.58,4.79,21.82,20.89,60.41,1.66
2021,Jordan,8.03,5.31,6.32,18.82,15.82,80.19,1.25
2021,Trinidad And Tobago,7.81,8.12,6.22,12.31,16.08,68.78,1.45
2021,Canada,7.53,4.7,5.65,21.25,17.7,52.24,1.91
2021,Ireland,7.4,6.11,6.89,16.36,14.51,51.83,1.93
2021,Australia,7.38,4.29,4.3,23.3,23.25,52.89,1.89
2021,Netherlands,7.35,5.4,5.58,18.53,17.92,45.4,2.2
2021,Cyprus,7.12,6.82,7.05,14.66,14.19,46.72,2.14
2021,Belgium,6.91,4.69,4.99,21.33,20.05,41.1,2.43
2021,Denmark,6.66,4.27,4.52,23.44,22.12,39.23,2.55
2021,Iceland,6.31,6.57,7.18,15.22,13.93,53.55,1.87
2021,Qatar,5.97,7.47,7.27,13.39,13.76,46.21,2.16
2021,Oman,5.75,5.41,4.84,18.47,20.65,44.27,2.26
2021,United Arab Emirates,4.93,9.16,9.23,10.91,10.83,36.45,2.74
2021,Palestine,4.73,7.65,8.22,13.07,12.16,46.33,2.16
2021,United States,3.99,7.96,10.64,12.56,9.4,29.42,3.4
2021,South Africa,3.96,8.34,10.66,11.99,9.38,46.14,2.17
2021,Puerto Rico,3.56,8.72,8.46,11.47,11.81,27.86,3.59
